# Blender v2.79 (sub 0) OBJ File: ''
# www.blender.org
mtllib model.mtl
o medic_substamap1.012
v -28.769522 0.457721 24.254707
v -28.769522 0.457723 9.856415
v -24.587055 0.457600 9.847863
v -24.587055 0.457597 24.249809
v -21.475096 0.457600 9.847863
v -21.475096 0.457597 24.249809
v -20.331690 0.457600 9.847863
v -20.331690 0.457597 24.249809
v -17.265671 0.457600 9.847863
v -17.265671 0.457597 24.249809
v -16.116299 0.457600 9.847863
v -16.116299 0.457597 24.249809
v -12.911285 0.457600 9.847863
v -12.911285 0.457597 24.249809
v -11.697586 0.457600 9.847863
v -11.697586 0.457597 24.249809
v -8.520726 0.457600 9.847863
v -8.520726 0.457597 24.249809
v -7.396265 0.457600 9.847863
v -7.396265 0.457597 24.249809
v -4.321285 0.457600 9.847863
v -4.321285 0.457597 24.249809
v -3.139948 0.457600 9.847863
v -3.139948 0.457597 24.249809
v -0.073221 0.457600 9.847863
v -0.073221 0.457597 24.249809
v 1.108575 0.457600 9.847863
v 1.108575 0.457597 24.249809
v 4.194719 0.457600 9.847863
v 4.194719 0.457597 24.249809
v 8.424145 0.457723 9.856415
v 8.424145 0.457721 24.254707
v -24.586336 11.321844 23.744200
v -24.587055 11.322053 24.249811
v -21.475096 11.322053 24.249811
v -21.469845 11.321844 23.744200
v -20.331690 11.322053 24.249813
v -20.335127 11.321844 23.744200
v -17.265671 11.322053 24.249813
v -17.282562 11.321844 23.744200
v -16.116299 11.322053 24.249813
v -16.147844 11.321844 23.744200
v -12.911285 11.322053 24.249811
v -12.903494 11.321844 23.744200
v -11.697586 11.322053 24.249811
v -11.704847 11.321844 23.744200
v -8.520726 11.322053 24.249813
v -8.524426 11.321844 23.744200
v -7.396265 11.322053 24.249813
v -7.389707 11.321844 23.744200
v -4.321285 11.322053 24.249811
v -4.337141 11.321844 23.744200
v -3.139948 11.322053 24.249811
v -3.138494 11.321844 23.744200
v -0.073221 11.322053 24.249811
v -0.084516 11.321844 23.744200
v 1.108575 11.322053 24.249813
v 1.126982 11.321844 23.744200
v 4.194719 11.322053 24.249813
v 4.191845 11.321844 23.744200
v -28.305840 11.321844 23.744200
v -28.769522 11.321948 24.254709
v -28.769522 11.321951 9.856417
v -28.305840 11.321846 10.319270
v -24.587055 11.322055 9.847865
v -24.586336 11.321846 10.319270
v -21.469845 11.321846 10.319270
v -21.475096 11.322055 9.847865
v -20.331690 11.322055 9.847865
v -20.335127 11.321846 10.319269
v -17.282562 11.321846 10.319270
v -17.265671 11.322055 9.847865
v -16.116299 11.322055 9.847866
v -16.147844 11.321846 10.319270
v -12.903494 11.321846 10.319270
v -12.911285 11.322055 9.847865
v -11.697586 11.322055 9.847865
v -11.704847 11.321846 10.319269
v -8.524426 11.321846 10.319270
v -8.520726 11.322055 9.847865
v -7.396265 11.322055 9.847865
v -7.389707 11.321846 10.319269
v -4.337141 11.321846 10.319270
v -4.321285 11.322055 9.847865
v -3.139948 11.322055 9.847865
v -3.138494 11.321846 10.319270
v -0.084516 11.321846 10.319270
v -0.073221 11.322055 9.847865
v 1.108575 11.322055 9.847865
v 1.126982 11.321846 10.319269
v 4.191845 11.321846 10.319270
v 4.194719 11.322055 9.847865
v 8.424143 11.321948 24.254709
v 8.069328 11.321844 23.744200
v 8.424145 11.321951 9.856417
v 8.069328 11.321846 10.319270
v -7.954618 4.110606 24.107178
v -8.169334 4.110606 24.106146
v -8.171706 4.110605 27.875799
v -7.956989 4.110605 28.090769
v -12.355747 4.110605 27.875830
v -12.570467 4.110605 28.089767
v -12.355747 4.110606 24.106171
v -12.570467 4.110606 24.106171
v -7.954618 3.405159 24.107178
v -7.956989 3.405159 28.090769
v -8.171706 3.405159 27.875799
v -8.169334 3.405159 24.106146
v -12.570467 3.405159 28.089767
v -12.355747 3.405159 27.875832
v -12.570467 3.405159 24.106171
v -12.355747 3.405159 24.106171
v -12.560114 1.147844 24.604403
v -11.892406 1.147844 24.604403
v -11.892406 3.499707 24.604403
v -12.560114 3.499707 24.604403
v -11.892406 1.147844 24.604403
v -11.892406 1.147844 24.107159
v -11.892406 3.499707 24.107159
v -11.892406 3.499707 24.604403
v -12.560114 1.147844 24.107159
v -12.560114 1.147844 24.604403
v -12.560114 3.499707 24.604403
v -12.560114 3.499707 24.107159
v -8.635763 1.147844 24.604403
v -7.964636 1.147844 24.604403
v -7.964636 3.499707 24.604403
v -8.635763 3.499707 24.604403
v -7.964636 1.147844 24.604403
v -7.964636 1.147844 24.107159
v -7.964636 3.499707 24.107159
v -7.964636 3.499707 24.604403
v -8.635763 1.147844 24.107159
v -8.635763 1.147844 24.604403
v -8.635763 3.499707 24.604403
v -8.635763 3.499707 24.107159
v -10.502379 1.119286 25.802311
v -10.072941 1.119286 25.802311
v -10.072941 3.516455 25.802311
v -10.502379 3.516455 25.802311
v -10.072941 1.119286 25.802311
v -10.072941 1.119286 25.271164
v -10.072941 3.516455 25.271164
v -10.072941 3.516455 25.802311
v -10.072941 1.119286 25.271164
v -10.502379 1.119286 25.271164
v -10.502379 3.516455 25.271164
v -10.072941 3.516455 25.271164
v -10.502379 1.119286 25.271164
v -10.502379 1.119286 25.802311
v -10.502379 3.516455 25.802311
v -10.502379 3.516455 25.271164
v -11.902555 1.137118 24.382811
v -8.601454 1.137118 24.382811
v -8.762048 1.202520 24.382811
v -11.749652 1.202520 24.382811
v -11.749652 3.328259 24.382811
v -11.902555 3.488525 24.382811
v -8.601454 3.488525 24.382811
v -8.762048 3.328259 24.382811
v -12.893991 10.204162 23.768925
v -11.719356 10.204162 23.768925
v -11.719356 10.204162 24.256073
v -12.893991 10.204162 24.256073
v -8.509706 10.204162 23.768925
v -8.509706 10.204162 24.256073
v -7.388495 10.204162 23.768925
v -7.388495 10.204162 24.256073
v -7.388495 10.204162 23.768925
v -7.388495 12.637825 23.768925
v -7.388495 12.637824 24.256073
v -7.388495 10.204162 24.256073
v -7.388495 12.637825 23.768925
v -9.556830 12.635624 23.768925
v -9.556830 12.635624 24.256073
v -7.388495 12.637824 24.256073
v -9.556830 12.335694 23.768925
v -10.645082 12.335694 23.768925
v -10.645082 12.335694 24.256073
v -9.556830 12.335694 24.256073
v -10.645082 12.635624 23.768925
v -12.893991 12.637825 23.768925
v -12.893991 12.637824 24.256073
v -10.645082 12.635624 24.256073
v -12.893991 12.637825 23.768925
v -12.893991 10.204162 23.768925
v -12.893991 10.204162 24.256073
v -12.893991 12.637824 24.256073
v -9.556830 12.335694 23.768925
v -9.556830 12.335694 24.256073
v -9.556830 12.635624 24.256073
v -9.556830 12.635624 23.768925
v -10.645082 12.335694 24.256073
v -10.645082 12.335694 23.768925
v -10.645082 12.635624 23.768925
v -10.645082 12.635624 24.256073
v 0.216319 3.639729 2.703048
v 0.216319 0.022989 2.703048
v 0.402681 -0.015745 2.703048
v 0.402681 3.639729 2.703048
v 0.216319 3.639728 6.988583
v 0.216319 3.639729 2.703048
v 0.402681 3.639729 2.703048
v 0.402681 3.639728 6.988583
v 0.216319 0.022988 6.988582
v 0.216319 3.639728 6.988583
v 0.402681 3.639728 6.988583
v 0.402681 -0.015746 6.988582
v 0.216319 3.639730 -4.269814
v 0.216319 0.022990 -4.269814
v 0.402681 -0.015744 -4.269814
v 0.402681 3.639730 -4.269814
v 0.216319 3.639729 -0.037924
v 0.216319 3.639730 -4.269814
v 0.402681 3.639730 -4.269814
v 0.402681 3.639729 -0.037924
v 0.216319 0.022989 -0.037925
v 0.216319 3.639729 -0.037924
v 0.402681 3.639729 -0.037924
v 0.402681 -0.015745 -0.037925
v 0.216319 3.639731 -11.361721
v 0.216319 0.022991 -11.361722
v 0.402681 -0.015743 -11.361722
v 0.402681 3.639731 -11.361721
v 0.216319 3.639730 -7.083062
v 0.216319 3.639731 -11.361721
v 0.402681 3.639731 -11.361721
v 0.402681 3.639730 -7.083062
v 0.216319 0.022990 -7.083062
v 0.216319 3.639730 -7.083062
v 0.402681 3.639730 -7.083062
v 0.402681 -0.015744 -7.083062
v 0.216319 3.639732 -18.597237
v 0.216319 0.022992 -18.597237
v 0.402681 -0.015742 -18.597237
v 0.402681 3.639732 -18.597237
v 0.216319 3.639731 -14.318103
v 0.216319 3.639732 -18.597237
v 0.402681 3.639732 -18.597237
v 0.402681 3.639731 -14.318103
v 0.216319 0.022991 -14.318104
v 0.216319 3.639731 -14.318103
v 0.402681 3.639731 -14.318103
v 0.402681 -0.015743 -14.318104
v -8.169334 4.110606 24.106146
v -8.169334 3.405159 24.106146
v -8.171706 3.405159 27.875799
v -8.171706 4.110605 27.875799
v -8.171706 4.110605 27.875799
v -8.171706 3.405159 27.875799
v -12.355747 3.405159 27.875832
v -12.355747 4.110605 27.875830
v -12.355747 4.110605 27.875830
v -12.355747 3.405159 27.875832
v -12.355747 3.405159 24.106171
v -12.355747 4.110606 24.106171
v -12.570467 4.110606 24.106171
v -12.570467 3.405159 24.106171
v -12.570467 3.405159 28.089767
v -12.570467 4.110605 28.089767
v -12.570467 4.110605 28.089767
v -12.570467 3.405159 28.089767
v -7.956989 3.405159 28.090769
v -7.956989 4.110605 28.090769
v -7.956989 4.110605 28.090769
v -7.956989 3.405159 28.090769
v -7.954618 3.405159 24.107178
v -7.954618 4.110606 24.107178
v -8.605449 2.337228 24.635233
v -8.605449 2.337228 24.572950
v -7.988480 2.337228 24.572950
v -7.988480 2.337228 24.635233
v -8.605449 2.904228 24.635233
v -7.988480 2.904228 24.635233
v -7.988480 2.904228 24.572950
v -8.605449 2.904228 24.572950
v -8.605449 2.337228 24.635233
v -7.988480 2.337228 24.635233
v -7.988480 2.904228 24.635233
v -8.605449 2.904228 24.635233
v -7.988480 2.337228 24.635233
v -7.988480 2.337228 24.572950
v -7.988480 2.904228 24.572950
v -7.988480 2.904228 24.635233
v -8.605449 2.337228 24.572950
v -8.605449 2.337228 24.635233
v -8.605449 2.904228 24.635233
v -8.605449 2.904228 24.572950
v 4.197594 3.705848 9.823958
v 4.194719 11.322055 9.847865
v 8.424145 11.321951 9.856417
v 8.395393 3.705847 9.841062
v -24.587772 3.705848 9.823958
v -28.785706 3.705847 9.841062
v -28.769522 11.321951 9.856417
v -24.587055 11.322055 9.847865
v 4.197594 3.705848 9.823958
v 8.395393 3.705847 9.841062
v 8.424145 0.457723 9.856415
v 4.194719 0.457600 9.847863
v -24.587772 3.705848 9.823958
v -24.587055 0.457600 9.847863
v -28.769522 0.457723 9.856415
v -28.785706 3.705847 9.841062
v 8.395393 3.705847 9.841062
v 8.424145 11.321951 9.856417
v 8.424143 11.321948 24.254709
v 8.395390 3.705845 24.253792
v 4.197594 3.705846 24.243996
v 8.395390 3.705845 24.253792
v 8.424143 11.321948 24.254709
v 4.194719 11.322053 24.249813
v -24.587772 3.705846 24.243996
v -24.587055 11.322053 24.249811
v -28.769522 11.321948 24.254709
v -28.785706 3.705845 24.253792
v 4.197594 3.705846 24.243996
v 4.194719 0.457597 24.249809
v 8.424145 0.457721 24.254707
v 8.395390 3.705845 24.253792
v -24.587772 3.705846 24.243996
v -28.785706 3.705845 24.253792
v -28.769522 0.457721 24.254707
v -24.587055 0.457597 24.249809
v -28.769522 0.457723 9.856415
v -28.769522 0.457721 24.254707
v -28.785706 3.705845 24.253792
v -28.785706 3.705847 9.841062
v -28.785706 3.705847 9.841062
v -28.785706 3.705845 24.253792
v -28.769522 11.321948 24.254709
v -28.769522 11.321951 9.856417
v 8.422253 0.671443 16.708000
v 8.408938 2.915610 16.707876
v 8.424145 0.457721 24.254707
v 8.395390 3.705845 24.253792
v 8.395393 3.705847 9.841062
v 8.405784 2.915998 15.168016
v 8.424145 0.457723 9.856415
v 8.422221 0.670998 15.168000
v -23.995899 3.639727 9.928302
v -24.644234 3.639727 9.928302
v -24.644234 -0.015747 9.928301
v -23.995897 -0.015747 9.928301
v -0.404589 3.639727 9.928301
v -0.404588 -0.015747 9.928300
v 0.402681 3.639727 9.928301
v 0.402681 -0.015747 9.928300
v 0.402681 3.639728 6.988583
v 0.402681 3.639727 9.928301
v 0.402681 -0.015747 9.928300
v 0.402681 -0.015746 6.988582
v 0.402681 3.639729 -0.037924
v 0.402681 3.639729 2.703048
v 0.402681 -0.015745 2.703048
v 0.402681 -0.015745 -0.037925
v 0.402681 3.639730 -7.083062
v 0.402681 3.639730 -4.269814
v 0.402681 -0.015744 -4.269814
v 0.402681 -0.015744 -7.083062
v 0.402681 3.639731 -14.318103
v 0.402681 3.639731 -11.361721
v 0.402681 -0.015743 -11.361722
v 0.402681 -0.015743 -14.318104
v 0.402681 3.639733 -22.604980
v 0.402681 3.639732 -18.597237
v 0.402681 -0.015742 -18.597237
v 0.402681 -0.015741 -22.604980
v -0.404589 3.639733 -22.604980
v 0.402681 3.639733 -22.604980
v 0.402681 -0.015741 -22.604980
v -0.404588 -0.015741 -22.604980
v -23.995899 3.639733 -22.604980
v -23.995897 -0.015741 -22.604980
v -24.644234 3.639733 -22.604980
v -24.644234 -0.015741 -22.604980
v -24.644234 3.639732 -18.597237
v -24.644234 3.639733 -22.604980
v -24.644234 -0.015741 -22.604980
v -24.644234 -0.015742 -18.597237
v -24.644234 3.639731 -14.318103
v -24.644234 -0.015743 -14.318104
v -24.644234 3.639731 -11.361721
v -24.644234 -0.015743 -11.361722
v -24.644234 3.639730 -7.083062
v -24.644234 -0.015744 -7.083062
v -24.644234 3.639730 -4.269814
v -24.644234 -0.015744 -4.269814
v -24.644234 3.639729 -0.037924
v -24.644234 -0.015745 -0.037925
v -24.644234 3.639729 2.703048
v -24.644234 -0.015745 2.703048
v -24.644234 3.639728 6.988583
v -24.644234 -0.015746 6.988582
v -24.644234 3.639727 9.928302
v -24.644234 -0.015747 9.928301
v -23.995899 4.301485 9.928302
v -24.644234 4.301485 9.928302
v 0.402681 4.301485 9.928301
v -0.404589 4.301485 9.928301
v 0.402681 4.301485 6.988583
v 0.402681 4.301485 9.928301
v 0.402681 4.301486 2.703049
v 0.402681 4.301486 -0.037924
v 0.402681 4.301486 -4.269814
v 0.402681 4.301487 -7.083062
v 0.402681 4.301488 -11.361721
v 0.402681 4.301488 -14.318103
v 0.402681 4.301489 -18.597237
v 0.402681 4.301490 -22.604980
v -0.404589 4.301490 -22.604980
v 0.402681 4.301490 -22.604980
v 0.402681 3.639733 -22.604980
v -23.995899 4.301490 -22.604980
v -24.644234 4.301490 -22.604980
v -24.644234 4.301489 -18.597237
v -24.644234 4.301490 -22.604980
v -24.644234 3.639733 -22.604980
v -24.644234 4.301488 -14.318103
v -24.644234 4.301488 -11.361721
v -24.644234 4.301487 -7.083062
v -24.644234 4.301486 -4.269814
v -24.644234 4.301486 -0.037924
v -24.644234 4.301486 2.703049
v -24.644234 4.301485 6.988583
v -24.644234 4.301485 9.928302
v 0.216319 3.639729 2.703048
v 0.216319 3.639728 6.988583
v 0.216319 0.022988 6.988582
v 0.216319 0.022989 2.703048
v 0.216319 3.639730 -4.269814
v 0.216319 3.639729 -0.037924
v 0.216319 0.022989 -0.037925
v 0.216319 0.022990 -4.269814
v 0.216319 3.639731 -11.361721
v 0.216319 3.639730 -7.083062
v 0.216319 0.022990 -7.083062
v 0.216319 0.022991 -11.361722
v 0.216319 3.639732 -18.597237
v 0.216319 3.639731 -14.318103
v 0.216319 0.022991 -14.318104
v 0.216319 0.022992 -18.597237
v -23.995899 4.301485 6.988583
v -24.644234 4.301485 6.988583
v -24.644234 4.301485 9.928302
v -23.995899 4.301485 9.928302
v 0.402681 4.301485 6.988583
v -0.404589 4.301485 6.988583
v -0.404589 4.301485 9.928301
v 0.402681 4.301485 9.928301
v -23.995899 4.301486 2.703049
v -24.644234 4.301486 2.703049
v -24.644234 4.301485 6.988583
v -23.995899 4.301485 6.988583
v 0.402681 4.301486 2.703049
v -0.404589 4.301486 2.703049
v -0.404589 4.301485 6.988583
v 0.402681 4.301485 6.988583
v -23.995899 4.301486 -0.037924
v -24.644234 4.301486 -0.037924
v -24.644234 4.301486 2.703049
v -23.995899 4.301486 2.703049
v 0.402681 4.301486 -0.037924
v -0.404589 4.301486 -0.037924
v -0.404589 4.301486 2.703049
v 0.402681 4.301486 2.703049
v -23.995899 4.301486 -4.269814
v -24.644234 4.301486 -4.269814
v -24.644234 4.301486 -0.037924
v -23.995899 4.301486 -0.037924
v 0.402681 4.301486 -4.269814
v -0.404589 4.301486 -4.269814
v -0.404589 4.301486 -0.037924
v 0.402681 4.301486 -0.037924
v -23.995899 4.301487 -7.083062
v -24.644234 4.301487 -7.083062
v -24.644234 4.301486 -4.269814
v -23.995899 4.301486 -4.269814
v 0.402681 4.301487 -7.083062
v -0.404589 4.301487 -7.083062
v -0.404589 4.301486 -4.269814
v 0.402681 4.301486 -4.269814
v -23.995899 4.301488 -11.361721
v -24.644234 4.301488 -11.361721
v -24.644234 4.301487 -7.083062
v -23.995899 4.301487 -7.083062
v 0.402681 4.301488 -11.361721
v -0.404589 4.301488 -11.361721
v -0.404589 4.301487 -7.083062
v 0.402681 4.301487 -7.083062
v -23.995899 4.301488 -14.318103
v -24.644234 4.301488 -14.318103
v -24.644234 4.301488 -11.361721
v -23.995899 4.301488 -11.361721
v 0.402681 4.301488 -14.318103
v -0.404589 4.301488 -14.318103
v -0.404589 4.301488 -11.361721
v 0.402681 4.301488 -11.361721
v -23.995899 4.301489 -18.597237
v -24.644234 4.301489 -18.597237
v -24.644234 4.301488 -14.318103
v -23.995899 4.301488 -14.318103
v 0.402681 4.301489 -18.597237
v -0.404589 4.301489 -18.597237
v -0.404589 4.301488 -14.318103
v 0.402681 4.301488 -14.318103
v -23.995899 4.301490 -22.604980
v -24.644234 4.301490 -22.604980
v -24.644234 4.301489 -18.597237
v -23.995899 4.301489 -18.597237
v 0.402681 4.301490 -22.604980
v -0.404589 4.301490 -22.604980
v -0.404589 4.301489 -18.597237
v 0.402681 4.301489 -18.597237
v -23.995899 3.970606 6.988583
v -0.404589 3.970606 6.988583
v -0.404589 4.301485 6.988583
v -23.995899 4.301485 6.988583
v -0.404589 3.970607 2.703049
v -23.995899 3.970607 2.703049
v -23.995899 4.301486 2.703049
v -0.404589 4.301486 2.703049
v -23.995899 3.970607 -0.037924
v -0.404589 3.970607 -0.037924
v -0.404589 4.301486 -0.037924
v -23.995899 4.301486 -0.037924
v -0.404589 3.970608 -4.269814
v -23.995899 3.970608 -4.269814
v -23.995899 4.301486 -4.269814
v -0.404589 4.301486 -4.269814
v -23.995899 3.970608 -7.083062
v -0.404589 3.970608 -7.083062
v -0.404589 4.301487 -7.083062
v -23.995899 4.301487 -7.083062
v -0.404589 3.970609 -11.361721
v -23.995899 3.970609 -11.361721
v -23.995899 4.301488 -11.361721
v -0.404589 4.301488 -11.361721
v -23.995899 3.970609 -14.318103
v -0.404589 3.970609 -14.318103
v -0.404589 4.301488 -14.318103
v -23.995899 4.301488 -14.318103
v -0.404589 3.970610 -18.597237
v -23.995899 3.970610 -18.597237
v -23.995899 4.301489 -18.597237
v -0.404589 4.301489 -18.597237
v -0.404589 4.918797 6.988583
v -23.995899 4.918797 6.988583
v -0.404589 4.918797 2.703049
v -0.404589 4.918797 6.988583
v -0.404589 4.301485 6.988583
v -0.404589 4.301486 2.703049
v -23.995899 4.918797 2.703049
v -0.404589 4.918797 2.703049
v -23.995899 4.918797 6.988583
v -23.995899 4.918797 2.703049
v -23.995899 4.301486 2.703049
v -23.995899 4.301485 6.988583
v -0.404589 4.918798 -0.037924
v -23.995899 4.918798 -0.037924
v -0.404589 4.918798 -4.269813
v -0.404589 4.918798 -0.037924
v -0.404589 4.301486 -0.037924
v -0.404589 4.301486 -4.269814
v -23.995899 4.918798 -4.269813
v -0.404589 4.918798 -4.269813
v -23.995899 4.918798 -0.037924
v -23.995899 4.918798 -4.269813
v -23.995899 4.301486 -4.269814
v -23.995899 4.301486 -0.037924
v -0.404589 4.918799 -7.083061
v -23.995899 4.918799 -7.083061
v -0.404589 4.918800 -11.361721
v -0.404589 4.918799 -7.083061
v -0.404589 4.301487 -7.083062
v -0.404589 4.301488 -11.361721
v -23.995899 4.918800 -11.361721
v -0.404589 4.918800 -11.361721
v -23.995899 4.918799 -7.083061
v -23.995899 4.918800 -11.361721
v -23.995899 4.301488 -11.361721
v -23.995899 4.301487 -7.083062
v -0.404589 4.918800 -14.318103
v -23.995899 4.918800 -14.318103
v -0.404589 4.918801 -18.597237
v -0.404589 4.918800 -14.318103
v -0.404589 4.301488 -14.318103
v -0.404589 4.301489 -18.597237
v -23.995899 4.918801 -18.597237
v -0.404589 4.918801 -18.597237
v -23.995899 4.918800 -14.318103
v -23.995899 4.918801 -18.597237
v -23.995899 4.301489 -18.597237
v -23.995899 4.301488 -14.318103
v -23.995899 4.301490 -21.962788
v -0.404589 4.301490 -21.962788
v -0.404589 4.301490 -22.604980
v -23.995899 4.301490 -22.604980
v -23.995899 3.970611 -21.962788
v -23.995899 4.301490 -21.962788
v -23.995899 4.301490 -22.604980
v -23.995899 3.970611 -22.604980
v -0.404589 3.970611 -21.962788
v -23.995899 3.970611 -21.962788
v -23.995899 3.970611 -22.604980
v -0.404589 3.970611 -22.604980
v -0.404589 4.301490 -21.962788
v -0.404589 3.970611 -21.962788
v -0.404589 3.970611 -22.604980
v -0.404589 4.301490 -22.604980
v -12.491039 -0.113128 28.899368
v -8.255793 -0.113128 28.899368
v -8.255793 0.113559 28.902246
v -12.491039 0.113559 28.902248
v -12.491039 0.113559 28.902248
v -8.255793 0.113559 28.902246
v -8.255793 0.113559 28.525337
v -12.491039 0.113559 28.525337
v -12.491039 0.113559 28.525337
v -8.255793 0.113559 28.525337
v -8.255793 0.306222 28.526541
v -12.491039 0.306222 28.526541
v -12.491039 0.306222 28.526541
v -8.255793 0.306222 28.526541
v -8.255793 0.306222 28.149630
v -12.491039 0.306222 28.149630
v -12.491039 0.306222 28.149630
v -8.255793 0.306222 28.149630
v -8.255793 0.518855 28.151150
v -12.491039 0.518855 28.151150
v -12.491039 0.518855 28.151150
v -8.255793 0.518855 28.151150
v -8.255793 0.518854 27.774239
v -12.491039 0.518854 27.774239
v -12.491039 0.518854 27.774239
v -8.255793 0.518854 27.774239
v -8.255793 0.740851 27.773430
v -12.491039 0.740851 27.773430
v -12.491039 0.740851 27.773430
v -8.255793 0.740851 27.773430
v -8.255793 0.740852 27.396521
v -12.491039 0.740852 27.396521
v -12.491039 0.740852 27.396521
v -8.255793 0.740852 27.396521
v -8.255793 0.955887 27.395712
v -12.491039 0.955887 27.395712
v -12.491039 0.955887 27.395712
v -8.255793 0.955887 27.395712
v -8.255793 0.955887 27.018801
v -12.491039 0.955887 27.018801
v -12.491039 0.955887 27.018801
v -8.255793 0.955887 27.018801
v -8.255793 1.147844 27.017576
v -12.491039 1.147844 27.017576
v -11.749652 1.202520 24.382811
v -8.762048 1.202520 24.382811
v -8.762048 1.202520 24.293653
v -11.749652 1.202520 24.293653
v -8.762048 1.202520 24.382811
v -8.762048 3.328259 24.382811
v -8.762048 3.328259 24.293653
v -8.762048 1.202520 24.293653
v -8.762048 3.328259 24.382811
v -11.749652 3.328259 24.382811
v -11.749652 3.328259 24.293653
v -8.762048 3.328259 24.293653
v -11.749652 3.328259 24.382811
v -11.749652 1.202520 24.382811
v -11.749652 1.202520 24.293653
v -11.749652 3.328259 24.293653
v 8.422253 0.671443 16.708000
v 8.422221 0.670998 15.168000
v 8.314605 0.675254 15.167336
v 8.314636 0.675699 16.707336
v 8.422221 0.670998 15.168000
v 8.405784 2.915998 15.168016
v 8.298167 2.920254 15.167352
v 8.314605 0.675254 15.167336
v 8.405784 2.915998 15.168016
v 8.408938 2.915610 16.707876
v 8.301322 2.919866 16.707212
v 8.298167 2.920254 15.167352
v 8.408938 2.915610 16.707876
v 8.422253 0.671443 16.708000
v 8.314636 0.675699 16.707336
v 8.301322 2.919866 16.707212
v 8.045813 -0.052933 18.255257
v 10.610590 -0.052933 18.255257
v 10.610590 0.113628 18.261770
v 8.045813 0.113628 18.261770
v 8.045813 0.113628 18.261770
v 10.610590 0.113628 18.261770
v 10.610589 0.113628 17.932098
v 8.045813 0.113628 17.932098
v 8.045813 0.113628 17.932098
v 10.610589 0.113628 17.932098
v 10.610589 0.260437 17.932272
v 8.045813 0.260437 17.932272
v 8.045813 0.260437 17.932272
v 10.610589 0.260437 17.932272
v 10.610590 0.260437 17.596252
v 8.045813 0.260437 17.596252
v 8.045813 0.260437 17.596252
v 10.610590 0.260437 17.596252
v 10.610590 0.396419 17.590069
v 8.045813 0.396419 17.590069
v 8.045813 0.396419 17.590069
v 10.610590 0.396419 17.590069
v 10.610590 0.396419 17.272598
v 8.045813 0.396419 17.272598
v 8.045813 0.396419 17.272598
v 10.610590 0.396419 17.272598
v 10.610589 0.626572 17.266302
v 8.045813 0.626572 17.266302
v 1.387565 4.609298 4.911431
v 1.387565 4.609298 4.742946
v 0.897354 4.335243 4.742946
v 0.897354 4.335243 4.911430
v 0.900477 4.329657 4.726900
v 0.893474 4.325742 4.729050
v 0.888347 4.322876 4.734922
v 0.886471 4.321827 4.742946
v 0.886471 4.321827 4.911430
v 0.888347 4.322876 4.919455
v 0.893474 4.325742 4.925327
v 0.900477 4.329657 4.927476
v 1.390687 4.603713 4.927477
v 1.397690 4.607628 4.925328
v 1.402817 4.610494 4.919455
v 1.404693 4.611543 4.911431
v 1.404693 4.611543 4.742946
v 1.402817 4.610494 4.734923
v 1.397690 4.607628 4.729050
v 1.390687 4.603713 4.726900
v 0.896879 4.307616 4.718876
v 0.909008 4.314397 4.715152
v 0.887999 4.302651 4.729050
v 0.884749 4.300835 4.742946
v 0.884749 4.300835 4.911430
v 0.887999 4.302651 4.925327
v 0.896879 4.307616 4.935501
v 0.909008 4.314397 4.939223
v 1.399219 4.588452 4.939224
v 1.411348 4.595233 4.935501
v 1.420228 4.600198 4.925328
v 1.423478 4.602014 4.911431
v 1.423478 4.602014 4.742946
v 1.420228 4.600198 4.729050
v 1.411348 4.595233 4.718877
v 1.399219 4.588452 4.715153
v 0.906656 4.285721 4.715152
v 0.920662 4.293551 4.710854
v 0.896403 4.279989 4.726900
v 0.892650 4.277891 4.742946
v 0.892650 4.277891 4.911430
v 0.896403 4.279989 4.927476
v 0.906656 4.285721 4.939223
v 0.920662 4.293551 4.943523
v 1.410873 4.567606 4.943524
v 1.424879 4.575437 4.939224
v 1.435132 4.581169 4.927477
v 1.438885 4.583267 4.911431
v 1.438885 4.583267 4.742946
v 1.435132 4.581169 4.726900
v 1.424879 4.575437 4.715153
v 1.410873 4.567606 4.710854
v 0.929964 4.244029 4.715152
v 0.906656 4.285721 4.715152
v 0.920662 4.293551 4.710854
v 0.943970 4.251859 4.710854
v 0.919711 4.238297 4.726900
v 0.896403 4.279989 4.726900
v 0.915958 4.236199 4.742946
v 0.892650 4.277891 4.742946
v 0.915958 4.236199 4.911430
v 0.892650 4.277891 4.911430
v 0.919711 4.238297 4.927476
v 0.896403 4.279989 4.927476
v 0.929964 4.244029 4.939223
v 0.906656 4.285721 4.939223
v 0.943970 4.251859 4.943523
v 0.920662 4.293551 4.943523
v 1.434181 4.525915 4.943524
v 1.410873 4.567606 4.943524
v 1.448187 4.533745 4.939224
v 1.424879 4.575437 4.939224
v 1.458440 4.539477 4.927477
v 1.435132 4.581169 4.927477
v 1.462193 4.541575 4.911431
v 1.438885 4.583267 4.911431
v 1.462193 4.541575 4.742946
v 1.438885 4.583267 4.742946
v 1.458440 4.539477 4.726900
v 1.435132 4.581169 4.726900
v 1.448187 4.533745 4.715153
v 1.424879 4.575437 4.715153
v 1.434181 4.525915 4.710854
v 1.410873 4.567606 4.710854
v 0.943970 4.251859 4.710854
v 0.920662 4.293551 4.710854
v 0.943970 4.251859 4.710854
v 1.200109 4.396023 4.823579
v 0.929964 4.244029 4.715152
v 0.919711 4.238297 4.726900
v 0.915958 4.236199 4.742946
v 0.915958 4.236199 4.911430
v 0.919711 4.238297 4.927476
v 0.929964 4.244029 4.939223
v 0.943970 4.251859 4.943523
v 1.434181 4.525915 4.943524
v 1.448187 4.533745 4.939224
v 1.458440 4.539477 4.927477
v 1.462193 4.541575 4.911431
v 1.462193 4.541575 4.742946
v 1.458440 4.539477 4.726900
v 1.448187 4.533745 4.715153
v 1.434181 4.525915 4.710854
v 1.387565 4.609302 -16.254440
v 1.387565 4.609302 -16.422926
v 0.897354 4.335247 -16.422926
v 0.897354 4.335247 -16.254440
v 0.900477 4.329661 -16.438971
v 0.893474 4.325746 -16.436823
v 0.888348 4.322879 -16.430950
v 0.886471 4.321831 -16.422926
v 0.886471 4.321830 -16.254440
v 0.888347 4.322880 -16.246416
v 0.893474 4.325746 -16.240543
v 0.900477 4.329661 -16.238394
v 1.390687 4.603717 -16.238396
v 1.397690 4.607632 -16.240543
v 1.402817 4.610498 -16.246416
v 1.404693 4.611547 -16.254440
v 1.404693 4.611547 -16.422926
v 1.402817 4.610498 -16.430950
v 1.397690 4.607631 -16.436823
v 1.390687 4.603717 -16.438972
v 0.896879 4.307620 -16.446995
v 0.909009 4.314400 -16.450720
v 0.887999 4.302656 -16.436821
v 0.884749 4.300839 -16.422926
v 0.884749 4.300839 -16.254440
v 0.887999 4.302655 -16.240545
v 0.896879 4.307620 -16.230371
v 0.909008 4.314401 -16.226646
v 1.399219 4.588456 -16.226648
v 1.411348 4.595237 -16.230371
v 1.420228 4.600202 -16.240543
v 1.423478 4.602018 -16.254440
v 1.423478 4.602018 -16.422926
v 1.420228 4.600202 -16.436823
v 1.411348 4.595237 -16.446995
v 1.399219 4.588456 -16.450718
v 0.906656 4.285725 -16.450718
v 0.920662 4.293555 -16.455019
v 0.896403 4.279992 -16.438972
v 0.892651 4.277894 -16.422926
v 0.892650 4.277894 -16.254440
v 0.896403 4.279992 -16.238396
v 0.906656 4.285725 -16.226648
v 0.920662 4.293555 -16.222349
v 1.410873 4.567610 -16.222349
v 1.424879 4.575441 -16.226648
v 1.435132 4.581173 -16.238396
v 1.438885 4.583271 -16.254440
v 1.438885 4.583271 -16.422926
v 1.435132 4.581173 -16.438972
v 1.424879 4.575440 -16.450720
v 1.410873 4.567610 -16.455019
v 0.929964 4.244033 -16.450718
v 0.906656 4.285725 -16.450718
v 0.920662 4.293555 -16.455019
v 0.943971 4.251863 -16.455019
v 0.919712 4.238300 -16.438972
v 0.896403 4.279992 -16.438972
v 0.915959 4.236202 -16.422926
v 0.892651 4.277894 -16.422926
v 0.915958 4.236203 -16.254440
v 0.892650 4.277894 -16.254440
v 0.919711 4.238300 -16.238396
v 0.896403 4.279992 -16.238396
v 0.929964 4.244033 -16.226648
v 0.906656 4.285725 -16.226648
v 0.943971 4.251863 -16.222349
v 0.920662 4.293555 -16.222349
v 1.434181 4.525919 -16.222349
v 1.410873 4.567610 -16.222349
v 1.448187 4.533749 -16.226648
v 1.424879 4.575441 -16.226648
v 1.458440 4.539481 -16.238396
v 1.435132 4.581173 -16.238396
v 1.462193 4.541579 -16.254440
v 1.438885 4.583271 -16.254440
v 1.462193 4.541579 -16.422926
v 1.438885 4.583271 -16.422926
v 1.458440 4.539481 -16.438972
v 1.435132 4.581173 -16.438972
v 1.448187 4.533748 -16.450720
v 1.424879 4.575440 -16.450720
v 1.434181 4.525919 -16.455019
v 1.410873 4.567610 -16.455019
v 0.943971 4.251863 -16.455019
v 0.920662 4.293555 -16.455019
v 0.943971 4.251863 -16.455019
v 1.200109 4.396027 -16.342293
v 0.929964 4.244033 -16.450718
v 0.919712 4.238300 -16.438972
v 0.915959 4.236202 -16.422926
v 0.915958 4.236203 -16.254440
v 0.919711 4.238300 -16.238396
v 0.929964 4.244033 -16.226648
v 0.943971 4.251863 -16.222349
v 1.434181 4.525919 -16.222349
v 1.448187 4.533749 -16.226648
v 1.458440 4.539481 -16.238396
v 1.462193 4.541579 -16.254440
v 1.462193 4.541579 -16.422926
v 1.458440 4.539481 -16.438972
v 1.448187 4.533748 -16.450720
v 1.434181 4.525919 -16.455019
v 1.387565 4.609301 -9.155019
v 1.387565 4.609301 -9.323503
v 0.897354 4.335246 -9.323502
v 0.897354 4.335246 -9.155019
v 0.900477 4.329659 -9.339550
v 0.893474 4.325745 -9.337399
v 0.888347 4.322878 -9.331526
v 0.886471 4.321829 -9.323502
v 0.886471 4.321828 -9.155019
v 0.888348 4.322877 -9.146995
v 0.893474 4.325745 -9.141122
v 0.900477 4.329659 -9.138971
v 1.390687 4.603715 -9.138971
v 1.397690 4.607630 -9.141122
v 1.402817 4.610497 -9.146995
v 1.404693 4.611546 -9.155019
v 1.404693 4.611546 -9.323503
v 1.402817 4.610497 -9.331526
v 1.397690 4.607629 -9.337399
v 1.390687 4.603715 -9.339550
v 0.896879 4.307619 -9.347573
v 0.909008 4.314399 -9.351295
v 0.887999 4.302654 -9.337399
v 0.884749 4.300838 -9.323503
v 0.884749 4.300838 -9.155019
v 0.887999 4.302653 -9.141122
v 0.896879 4.307619 -9.130949
v 0.909008 4.314399 -9.127226
v 1.399219 4.588454 -9.127226
v 1.411348 4.595235 -9.130948
v 1.420228 4.600201 -9.141122
v 1.423478 4.602016 -9.155018
v 1.423478 4.602016 -9.323503
v 1.420228 4.600201 -9.337399
v 1.411348 4.595235 -9.347573
v 1.399218 4.588455 -9.351295
v 0.906656 4.285723 -9.351296
v 0.920662 4.293553 -9.355596
v 0.896403 4.279992 -9.339549
v 0.892650 4.277894 -9.323502
v 0.892650 4.277894 -9.155018
v 0.896403 4.279992 -9.138972
v 0.906656 4.285723 -9.127226
v 0.920662 4.293553 -9.122926
v 1.410873 4.567608 -9.122926
v 1.424879 4.575439 -9.127225
v 1.435132 4.581172 -9.138972
v 1.438885 4.583270 -9.155018
v 1.438885 4.583270 -9.323503
v 1.435132 4.581172 -9.339549
v 1.424879 4.575439 -9.351296
v 1.410873 4.567609 -9.355596
v 0.929965 4.244031 -9.351296
v 0.906656 4.285723 -9.351296
v 0.920662 4.293553 -9.355596
v 0.943971 4.251862 -9.355596
v 0.919711 4.238299 -9.339549
v 0.896403 4.279992 -9.339549
v 0.915958 4.236201 -9.323503
v 0.892650 4.277894 -9.323502
v 0.915958 4.236201 -9.155018
v 0.892650 4.277894 -9.155018
v 0.919711 4.238299 -9.138972
v 0.896403 4.279992 -9.138972
v 0.929964 4.244031 -9.127225
v 0.906656 4.285723 -9.127226
v 0.943971 4.251862 -9.122926
v 0.920662 4.293553 -9.122926
v 1.434181 4.525918 -9.122926
v 1.410873 4.567608 -9.122926
v 1.448187 4.533747 -9.127225
v 1.424879 4.575439 -9.127225
v 1.458440 4.539479 -9.138972
v 1.435132 4.581172 -9.138972
v 1.462193 4.541577 -9.155019
v 1.438885 4.583270 -9.155018
v 1.462193 4.541577 -9.323503
v 1.438885 4.583270 -9.323503
v 1.458440 4.539479 -9.339549
v 1.435132 4.581172 -9.339549
v 1.448187 4.533747 -9.351296
v 1.424879 4.575439 -9.351296
v 1.434181 4.525918 -9.355596
v 1.410873 4.567609 -9.355596
v 0.943971 4.251862 -9.355596
v 0.920662 4.293553 -9.355596
v 0.943971 4.251862 -9.355596
v 1.200109 4.396026 -9.242870
v 0.929965 4.244031 -9.351296
v 0.919711 4.238299 -9.339549
v 0.915958 4.236201 -9.323503
v 0.915958 4.236201 -9.155018
v 0.919711 4.238299 -9.138972
v 0.929964 4.244031 -9.127225
v 0.943971 4.251862 -9.122926
v 1.434181 4.525918 -9.122926
v 1.448187 4.533747 -9.127225
v 1.458440 4.539479 -9.138972
v 1.462193 4.541577 -9.155019
v 1.462193 4.541577 -9.323503
v 1.458440 4.539479 -9.339549
v 1.448187 4.533747 -9.351296
v 1.434181 4.525918 -9.355596
v 1.387564 4.609301 -2.096983
v 1.387564 4.609301 -2.265468
v 0.897354 4.335245 -2.265469
v 0.897354 4.335245 -2.096983
v 0.900477 4.329659 -2.281515
v 0.893474 4.325744 -2.279365
v 0.888347 4.322877 -2.273492
v 0.886471 4.321828 -2.265469
v 0.886471 4.321828 -2.096983
v 0.888347 4.322877 -2.088960
v 0.893474 4.325744 -2.083087
v 0.900477 4.329659 -2.080937
v 1.390687 4.603714 -2.080937
v 1.397690 4.607629 -2.083087
v 1.402817 4.610496 -2.088960
v 1.404693 4.611545 -2.096984
v 1.404693 4.611545 -2.265468
v 1.402817 4.610496 -2.273492
v 1.397690 4.607629 -2.279365
v 1.390687 4.603714 -2.281515
v 0.896879 4.307618 -2.289538
v 0.909008 4.314398 -2.293261
v 0.887999 4.302653 -2.279365
v 0.884749 4.300837 -2.265468
v 0.884749 4.300837 -2.096983
v 0.887999 4.302653 -2.083087
v 0.896879 4.307618 -2.072914
v 0.909008 4.314398 -2.069190
v 1.399219 4.588453 -2.069191
v 1.411348 4.595234 -2.072914
v 1.420228 4.600200 -2.083087
v 1.423478 4.602016 -2.096983
v 1.423478 4.602016 -2.265469
v 1.420228 4.600200 -2.279365
v 1.411348 4.595235 -2.289538
v 1.399219 4.588453 -2.293261
v 0.906656 4.285722 -2.293261
v 0.920662 4.293552 -2.297561
v 0.896403 4.279991 -2.281515
v 0.892650 4.277893 -2.265468
v 0.892650 4.277893 -2.096983
v 0.896403 4.279991 -2.080937
v 0.906656 4.285722 -2.069190
v 0.920662 4.293552 -2.064891
v 1.410873 4.567607 -2.064891
v 1.424879 4.575438 -2.069191
v 1.435132 4.581171 -2.080937
v 1.438885 4.583269 -2.096983
v 1.438885 4.583269 -2.265469
v 1.435132 4.581171 -2.281515
v 1.424879 4.575438 -2.293261
v 1.410873 4.567608 -2.297561
v 0.929964 4.244030 -2.293261
v 0.906656 4.285722 -2.293261
v 0.920662 4.293552 -2.297561
v 0.943970 4.251861 -2.297561
v 0.919711 4.238298 -2.281515
v 0.896403 4.279991 -2.281515
v 0.915958 4.236200 -2.265468
v 0.892650 4.277893 -2.265468
v 0.915958 4.236200 -2.096983
v 0.892650 4.277893 -2.096983
v 0.919711 4.238298 -2.080937
v 0.896403 4.279991 -2.080937
v 0.929964 4.244030 -2.069191
v 0.906656 4.285722 -2.069190
v 0.943970 4.251861 -2.064891
v 0.920662 4.293552 -2.064891
v 1.434181 4.525917 -2.064891
v 1.410873 4.567607 -2.064891
v 1.448187 4.533746 -2.069191
v 1.424879 4.575438 -2.069191
v 1.458440 4.539478 -2.080937
v 1.435132 4.581171 -2.080937
v 1.462193 4.541576 -2.096983
v 1.438885 4.583269 -2.096983
v 1.462193 4.541576 -2.265468
v 1.438885 4.583269 -2.265469
v 1.458440 4.539478 -2.281515
v 1.435132 4.581171 -2.281515
v 1.448187 4.533746 -2.293261
v 1.424879 4.575438 -2.293261
v 1.434181 4.525917 -2.297561
v 1.410873 4.567608 -2.297561
v 0.943970 4.251861 -2.297561
v 0.920662 4.293552 -2.297561
v 0.943970 4.251861 -2.297561
v 1.200109 4.396025 -2.184835
v 0.929964 4.244030 -2.293261
v 0.919711 4.238298 -2.281515
v 0.915958 4.236200 -2.265468
v 0.915958 4.236200 -2.096983
v 0.919711 4.238298 -2.080937
v 0.929964 4.244030 -2.069191
v 0.943970 4.251861 -2.064891
v 1.434181 4.525917 -2.064891
v 1.448187 4.533746 -2.069191
v 1.458440 4.539478 -2.080937
v 1.462193 4.541576 -2.096983
v 1.462193 4.541576 -2.265468
v 1.458440 4.539478 -2.281515
v 1.448187 4.533746 -2.293261
v 1.434181 4.525917 -2.297561
v -11.690325 3.705848 9.823958
v -8.517027 3.705848 9.823958
v -8.520726 0.457600 9.847863
v -11.697586 0.457600 9.847863
v -7.402823 3.705848 9.823958
v -4.305429 3.705848 9.823958
v -4.321285 0.457600 9.847863
v -7.396265 0.457600 9.847863
v -3.141402 3.705848 9.823958
v -0.061928 3.705848 9.823958
v -0.073221 0.457600 9.847863
v -3.139948 0.457600 9.847863
v 1.090168 3.705848 9.823958
v 4.197594 3.705848 9.823958
v 4.194719 0.457600 9.847863
v 1.108575 0.457600 9.847863
v -12.919076 3.705848 9.823958
v -12.911285 0.457600 9.847863
v -16.116299 0.457600 9.847863
v -16.084751 3.705848 9.823958
v -17.248777 3.705848 9.823958
v -17.265671 0.457600 9.847863
v -20.331690 0.457600 9.847863
v -20.328253 3.705848 9.823958
v -21.480347 3.705848 9.823958
v -21.475096 0.457600 9.847863
v -24.587055 0.457600 9.847863
v -24.587772 3.705848 9.823958
v -11.690325 3.705846 24.243996
v -11.697586 0.457597 24.249809
v -8.520726 0.457597 24.249809
v -8.517027 3.705846 24.243996
v -7.402823 3.705846 24.243996
v -7.396265 0.457597 24.249809
v -4.321285 0.457597 24.249809
v -4.305429 3.705846 24.243996
v -3.141402 3.705846 24.243996
v -3.139948 0.457597 24.249809
v -0.073221 0.457597 24.249809
v -0.061928 3.705846 24.243996
v 1.090168 3.705846 24.243996
v 1.108575 0.457597 24.249809
v 4.194719 0.457597 24.249809
v 4.197594 3.705846 24.243996
v -12.919076 3.705846 24.243996
v -16.084751 3.705846 24.243996
v -16.116299 0.457597 24.249809
v -12.911285 0.457597 24.249809
v -17.248777 3.705846 24.243996
v -20.328253 3.705846 24.243996
v -20.331690 0.457597 24.249809
v -17.265671 0.457597 24.249809
v -21.480347 3.705846 24.243996
v -24.587772 3.705846 24.243996
v -24.587055 0.457597 24.249809
v -21.475096 0.457597 24.249809
v 17.139343 3.312075 13.914991
v 20.359993 3.312075 13.914991
v 20.359993 3.312075 13.727381
v 17.139343 3.312075 13.727381
v 17.139343 -0.009489 13.914990
v 20.359993 -0.009489 13.914990
v 20.359993 3.312075 13.914991
v 17.139343 3.312075 13.914991
v 20.359993 -0.009489 13.914990
v 20.359993 -0.009489 13.727380
v 20.359993 3.312075 13.727381
v 20.359993 3.312075 13.914991
v 17.139343 -0.009489 13.727380
v 17.139343 -0.009489 13.914990
v 17.139343 3.312075 13.914991
v 17.139343 3.312075 13.727381
v -12.893991 10.204162 24.256073
v -11.719356 10.204162 24.256073
v -10.645082 12.335694 24.256073
v -12.893991 12.637824 24.256073
v -8.509706 10.204162 24.256073
v -9.556830 12.335694 24.256073
v -7.388495 10.204162 24.256073
v -7.388495 12.637824 24.256073
v -9.556830 12.635624 24.256073
v -10.645082 12.635624 24.256073
v -12.491039 1.147844 27.017576
v -8.255793 1.147844 27.017576
v -8.255793 1.147844 24.160772
v -12.491039 1.147844 24.160772
v 8.045813 0.626572 17.266302
v 10.610589 0.626572 17.266302
v 10.610590 0.626573 14.173294
v 8.045813 0.626573 14.173294
v -12.638273 -0.024984 28.939802
v -12.638273 -0.024983 27.126228
v -12.242738 -0.024983 27.126228
v -12.242738 -0.024984 28.939802
v -12.638273 -0.024983 24.129761
v -12.242738 -0.024983 24.129761
v -12.638273 0.730668 28.939802
v -12.242738 0.730668 28.939802
v -12.242738 1.700476 27.126228
v -12.638273 1.700476 27.126228
v -12.242738 1.700476 24.129761
v -12.638273 1.700476 24.129761
v -12.638273 -0.024984 28.939802
v -12.242738 -0.024984 28.939802
v -12.242738 0.730668 28.939802
v -12.638273 0.730668 28.939802
v -12.242738 -0.024984 28.939802
v -12.242738 -0.024983 27.126228
v -12.242738 1.700476 27.126228
v -12.242738 0.730668 28.939802
v -12.242738 -0.024983 27.126228
v -12.242738 -0.024983 24.129761
v -12.242738 1.700476 24.129761
v -12.242738 1.700476 27.126228
v -12.242738 -0.024983 24.129761
v -12.638273 -0.024983 24.129761
v -12.638273 1.700476 24.129761
v -12.242738 1.700476 24.129761
v -12.638273 -0.024983 24.129761
v -12.638273 -0.024983 27.126228
v -12.638273 1.700476 27.126228
v -12.638273 1.700476 24.129761
v -12.638273 -0.024983 27.126228
v -12.638273 -0.024984 28.939802
v -12.638273 0.730668 28.939802
v -12.638273 1.700476 27.126228
v -8.330374 -0.024984 28.939802
v -8.330374 -0.024983 27.126228
v -7.934837 -0.024983 27.126228
v -7.934837 -0.024984 28.939802
v -8.330374 -0.024983 24.129761
v -7.934837 -0.024983 24.129761
v -8.330374 0.730668 28.939802
v -7.934837 0.730668 28.939802
v -7.934837 1.700476 27.126228
v -8.330374 1.700476 27.126228
v -7.934837 1.700476 24.129761
v -8.330374 1.700476 24.129761
v -8.330374 -0.024984 28.939802
v -7.934837 -0.024984 28.939802
v -7.934837 0.730668 28.939802
v -8.330374 0.730668 28.939802
v -7.934837 -0.024984 28.939802
v -7.934837 -0.024983 27.126228
v -7.934837 1.700476 27.126228
v -7.934837 0.730668 28.939802
v -7.934837 -0.024983 27.126228
v -7.934837 -0.024983 24.129761
v -7.934837 1.700476 24.129761
v -7.934837 1.700476 27.126228
v -7.934837 -0.024983 24.129761
v -8.330374 -0.024983 24.129761
v -8.330374 1.700476 24.129761
v -7.934837 1.700476 24.129761
v -8.330374 -0.024983 24.129761
v -8.330374 -0.024983 27.126228
v -8.330374 1.700476 27.126228
v -8.330374 1.700476 24.129761
v -8.330374 -0.024983 27.126228
v -8.330374 -0.024984 28.939802
v -8.330374 0.730668 28.939802
v -8.330374 1.700476 27.126228
v 10.441078 0.311201 18.895504
v 10.839060 0.311201 18.895504
v 10.839060 1.048585 17.266016
v 10.441078 1.048585 17.266016
v 10.450919 1.048586 14.355642
v 10.845171 1.048586 13.957666
v 8.038174 1.048586 13.960110
v 8.040324 1.048586 14.358086
v 10.441078 -0.000003 18.895504
v 10.839060 -0.000003 18.895504
v 10.839060 0.311201 18.895504
v 10.441078 0.311201 18.895504
v 10.839060 -0.000003 18.895504
v 10.839060 -0.000003 17.266016
v 10.839060 1.048585 17.266016
v 10.839060 0.311201 18.895504
v 10.839060 -0.000003 17.266016
v 10.845171 -0.000002 13.957666
v 10.845171 1.048586 13.957666
v 10.839060 1.048585 17.266016
v 10.845171 -0.000002 13.957666
v 8.038174 -0.000002 13.960110
v 8.038174 1.048586 13.960110
v 10.845171 1.048586 13.957666
v 8.040324 -0.000002 14.358086
v 10.450919 -0.000002 14.355642
v 10.450919 1.048586 14.355642
v 8.040324 1.048586 14.358086
v 10.450919 -0.000002 14.355642
v 10.441078 -0.000003 17.266016
v 10.441078 1.048585 17.266016
v 10.450919 1.048586 14.355642
v 10.441078 -0.000003 17.266016
v 10.441078 -0.000003 18.895504
v 10.441078 0.311201 18.895504
v 10.441078 1.048585 17.266016
v -0.404589 3.970606 6.988583
v -23.995899 3.970606 6.988583
v -23.995899 3.970605 9.928302
v -0.404589 3.970605 9.928301
v -0.404589 4.918797 2.703049
v -23.995899 4.918797 2.703049
v -23.995899 4.918797 6.988583
v -0.404589 4.918797 6.988583
v -0.404589 3.970607 -0.037924
v -23.995899 3.970607 -0.037924
v -23.995899 3.970607 2.703049
v -0.404589 3.970607 2.703049
v -0.404589 4.918798 -4.269813
v -23.995899 4.918798 -4.269813
v -23.995899 4.918798 -0.037924
v -0.404589 4.918798 -0.037924
v -0.404589 3.970608 -7.083062
v -23.995899 3.970608 -7.083062
v -23.995899 3.970608 -4.269814
v -0.404589 3.970608 -4.269814
v -0.404589 4.918800 -11.361721
v -23.995899 4.918800 -11.361721
v -23.995899 4.918799 -7.083061
v -0.404589 4.918799 -7.083061
v -0.404589 3.970609 -14.318103
v -23.995899 3.970609 -14.318103
v -23.995899 3.970609 -11.361721
v -0.404589 3.970609 -11.361721
v -0.404589 4.918801 -18.597237
v -23.995899 4.918801 -18.597237
v -23.995899 4.918800 -14.318103
v -0.404589 4.918800 -14.318103
v -0.404589 3.970611 -22.604980
v -23.995899 3.970611 -22.604980
v -23.995899 3.970610 -18.597237
v -0.404589 3.970610 -18.597237
v -23.995899 3.970605 9.928302
v -23.995899 3.970606 6.988583
v -23.995899 4.301485 6.988583
v -23.995899 4.301485 9.928302
v -0.404589 3.970606 6.988583
v -0.404589 3.970605 9.928301
v -0.404589 4.301485 9.928301
v -0.404589 4.301485 6.988583
v -0.404589 3.970607 -0.037924
v -0.404589 3.970607 2.703049
v -0.404589 4.301486 2.703049
v -0.404589 4.301486 -0.037924
v -23.995899 3.970607 2.703049
v -23.995899 3.970607 -0.037924
v -23.995899 4.301486 -0.037924
v -23.995899 4.301486 2.703049
v -0.404589 3.970608 -7.083062
v -0.404589 3.970608 -4.269814
v -0.404589 4.301486 -4.269814
v -0.404589 4.301487 -7.083062
v -23.995899 3.970608 -4.269814
v -23.995899 3.970608 -7.083062
v -23.995899 4.301487 -7.083062
v -23.995899 4.301486 -4.269814
v -0.404589 3.970609 -14.318103
v -0.404589 3.970609 -11.361721
v -0.404589 4.301488 -11.361721
v -0.404589 4.301488 -14.318103
v -23.995899 3.970609 -11.361721
v -23.995899 3.970609 -14.318103
v -23.995899 4.301488 -14.318103
v -23.995899 4.301488 -11.361721
v -0.404589 3.970611 -22.604980
v -0.404589 3.970610 -18.597237
v -0.404589 4.301489 -18.597237
v -0.404589 4.301490 -22.604980
v -23.995899 3.970611 -21.962788
v -0.404589 3.970611 -21.962788
v -0.404589 4.301490 -21.962788
v -23.995899 4.301490 -21.962788
v -23.995899 3.970610 -18.597237
v -23.995899 3.970611 -22.604980
v -23.995899 4.301490 -22.604980
v -23.995899 4.301489 -18.597237
v -24.586336 10.840944 23.744200
v -21.469845 10.840944 23.744200
v -21.469845 10.840946 10.319270
v -24.586336 10.840946 10.319270
v -28.305840 10.840944 23.744200
v -28.305840 10.840946 10.319270
v -20.335127 10.840944 23.744200
v -17.282562 10.840944 23.744200
v -17.282562 10.840946 10.319270
v -20.335127 10.840946 10.319270
v -16.147844 10.840944 23.744200
v -12.903494 10.840944 23.744200
v -12.903494 10.840946 10.319270
v -16.147844 10.840946 10.319270
v -11.704847 10.840944 23.744200
v -8.524426 10.840944 23.744200
v -8.524426 10.840946 10.319270
v -11.704847 10.840946 10.319269
v -7.389707 10.840944 23.744200
v -4.337141 10.840944 23.744200
v -4.337141 10.840946 10.319270
v -7.389707 10.840946 10.319270
v -3.138494 10.840944 23.744200
v -0.084516 10.840944 23.744200
v -0.084516 10.840946 10.319270
v -3.138494 10.840946 10.319270
v 1.126982 10.840944 23.744200
v 4.191845 10.840944 23.744200
v 4.191845 10.840946 10.319270
v 1.126982 10.840946 10.319270
v 8.069328 10.840944 23.744200
v 8.069328 10.840946 10.319270
v -28.305840 11.321844 23.744200
v -24.586336 11.321844 23.744200
v -24.586336 10.840944 23.744200
v -28.305840 10.840944 23.744200
v -24.586336 11.321844 23.744200
v -21.469845 11.321844 23.744200
v -21.469845 10.840944 23.744200
v -24.586336 10.840944 23.744200
v -21.469845 11.321844 23.744200
v -20.335127 11.321844 23.744200
v -20.335127 10.840944 23.744200
v -21.469845 10.840944 23.744200
v -20.335127 11.321844 23.744200
v -17.282562 11.321844 23.744200
v -17.282562 10.840944 23.744200
v -20.335127 10.840944 23.744200
v -17.282562 11.321844 23.744200
v -16.147844 11.321844 23.744200
v -16.147844 10.840944 23.744200
v -17.282562 10.840944 23.744200
v -16.147844 11.321844 23.744200
v -12.903494 11.321844 23.744200
v -12.903494 10.840944 23.744200
v -16.147844 10.840944 23.744200
v -12.903494 11.321844 23.744200
v -11.704847 11.321844 23.744200
v -11.704847 10.840944 23.744200
v -12.903494 10.840944 23.744200
v -11.704847 11.321844 23.744200
v -8.524426 11.321844 23.744200
v -8.524426 10.840944 23.744200
v -11.704847 10.840944 23.744200
v -8.524426 11.321844 23.744200
v -7.389707 11.321844 23.744200
v -7.389707 10.840944 23.744200
v -8.524426 10.840944 23.744200
v -7.389707 11.321844 23.744200
v -4.337141 11.321844 23.744200
v -4.337141 10.840944 23.744200
v -7.389707 10.840944 23.744200
v -4.337141 11.321844 23.744200
v -3.138494 11.321844 23.744200
v -3.138494 10.840944 23.744200
v -4.337141 10.840944 23.744200
v -3.138494 11.321844 23.744200
v -0.084516 11.321844 23.744200
v -0.084516 10.840944 23.744200
v -3.138494 10.840944 23.744200
v -0.084516 11.321844 23.744200
v 1.126982 11.321844 23.744200
v 1.126982 10.840944 23.744200
v -0.084516 10.840944 23.744200
v 1.126982 11.321844 23.744200
v 4.191845 11.321844 23.744200
v 4.191845 10.840944 23.744200
v 1.126982 10.840944 23.744200
v 4.191845 11.321844 23.744200
v 8.069328 11.321844 23.744200
v 8.069328 10.840944 23.744200
v 4.191845 10.840944 23.744200
v 8.069328 11.321844 23.744200
v 8.069328 11.321846 10.319270
v 8.069328 10.840946 10.319270
v 8.069328 10.840944 23.744200
v 8.069328 11.321846 10.319270
v 4.191845 11.321846 10.319270
v 4.191845 10.840946 10.319270
v 8.069328 10.840946 10.319270
v 4.191845 11.321846 10.319270
v 1.126982 11.321846 10.319269
v 1.126982 10.840946 10.319270
v 4.191845 10.840946 10.319270
v 1.126982 11.321846 10.319269
v -0.084516 11.321846 10.319270
v -0.084516 10.840946 10.319270
v 1.126982 10.840946 10.319270
v -0.084516 11.321846 10.319270
v -3.138494 11.321846 10.319270
v -3.138494 10.840946 10.319270
v -0.084516 10.840946 10.319270
v -3.138494 11.321846 10.319270
v -4.337141 11.321846 10.319270
v -4.337141 10.840946 10.319270
v -3.138494 10.840946 10.319270
v -4.337141 11.321846 10.319270
v -7.389707 11.321846 10.319269
v -7.389707 10.840946 10.319270
v -4.337141 10.840946 10.319270
v -7.389707 11.321846 10.319269
v -8.524426 11.321846 10.319270
v -8.524426 10.840946 10.319270
v -7.389707 10.840946 10.319270
v -8.524426 11.321846 10.319270
v -11.704847 11.321846 10.319269
v -11.704847 10.840946 10.319269
v -8.524426 10.840946 10.319270
v -11.704847 11.321846 10.319269
v -12.903494 11.321846 10.319270
v -12.903494 10.840946 10.319270
v -11.704847 10.840946 10.319269
v -12.903494 11.321846 10.319270
v -16.147844 11.321846 10.319270
v -16.147844 10.840946 10.319270
v -12.903494 10.840946 10.319270
v -16.147844 11.321846 10.319270
v -17.282562 11.321846 10.319270
v -17.282562 10.840946 10.319270
v -16.147844 10.840946 10.319270
v -17.282562 11.321846 10.319270
v -20.335127 11.321846 10.319269
v -20.335127 10.840946 10.319270
v -17.282562 10.840946 10.319270
v -20.335127 11.321846 10.319269
v -21.469845 11.321846 10.319270
v -21.469845 10.840946 10.319270
v -20.335127 10.840946 10.319270
v -21.469845 11.321846 10.319270
v -24.586336 11.321846 10.319270
v -24.586336 10.840946 10.319270
v -21.469845 10.840946 10.319270
v -24.586336 11.321846 10.319270
v -28.305840 11.321846 10.319270
v -28.305840 10.840946 10.319270
v -24.586336 10.840946 10.319270
v -28.305840 11.321846 10.319270
v -28.305840 11.321844 23.744200
v -28.305840 10.840944 23.744200
v -28.305840 10.840946 10.319270
v -12.468758 3.906563 27.960808
v -8.050057 3.906563 27.960808
v -8.050057 3.906563 24.095858
v -12.468758 3.906563 24.095858
v 20.359993 -0.009489 13.727380
v 17.139343 -0.009489 13.727380
v 17.139343 3.312075 13.727381
v 20.359993 3.312075 13.727381
v 20.066593 0.517824 14.089536
v 20.616531 0.517824 14.089536
v 20.616531 0.517824 13.588035
v 20.066593 0.517824 13.588035
v 19.982510 -0.040181 14.173465
v 20.700619 -0.040181 14.173465
v 20.616531 0.517824 14.089536
v 20.066593 0.517824 14.089536
v 20.700619 -0.040181 14.173465
v 20.700619 -0.040181 13.481847
v 20.616531 0.517824 13.588035
v 20.616531 0.517824 14.089536
v 20.700619 -0.040181 13.481847
v 19.982510 -0.040181 13.481847
v 20.066593 0.517824 13.588035
v 20.616531 0.517824 13.588035
v 19.982510 -0.040181 13.481847
v 19.982510 -0.040181 14.173465
v 20.066593 0.517824 14.089536
v 20.066593 0.517824 13.588035
v 16.883078 0.517824 14.089536
v 17.433018 0.517824 14.089536
v 17.433018 0.517824 13.588035
v 16.883078 0.517824 13.588035
v 16.798992 -0.040181 14.173465
v 17.517101 -0.040181 14.173465
v 17.433018 0.517824 14.089536
v 16.883078 0.517824 14.089536
v 17.517101 -0.040181 14.173465
v 17.517101 -0.040181 13.481847
v 17.433018 0.517824 13.588035
v 17.433018 0.517824 14.089536
v 17.517101 -0.040181 13.481847
v 16.798992 -0.040181 13.481847
v 16.883078 0.517824 13.588035
v 17.433018 0.517824 13.588035
v 16.798992 -0.040181 13.481847
v 16.798992 -0.040181 14.173465
v 16.883078 0.517824 14.089536
v 16.883078 0.517824 13.588035
v 23.429462 0.517824 14.089536
v 23.979401 0.517824 14.089536
v 23.979401 0.517824 13.588035
v 23.429462 0.517824 13.588035
v 23.345379 -0.040181 14.173465
v 24.063488 -0.040181 14.173465
v 23.979401 0.517824 14.089536
v 23.429462 0.517824 14.089536
v 24.063488 -0.040181 14.173465
v 24.063488 -0.040181 13.481847
v 23.979401 0.517824 13.588035
v 23.979401 0.517824 14.089536
v 24.063488 -0.040181 13.481847
v 23.345379 -0.040181 13.481847
v 23.429462 0.517824 13.588035
v 23.979401 0.517824 13.588035
v 23.345379 -0.040181 13.481847
v 23.345379 -0.040181 14.173465
v 23.429462 0.517824 14.089536
v 23.429462 0.517824 13.588035
v 23.431957 0.517824 10.701672
v 23.981895 0.517824 10.701672
v 23.981895 0.517824 10.200171
v 23.431957 0.517824 10.200171
v 23.347874 -0.040181 10.785601
v 24.065983 -0.040181 10.785601
v 23.981895 0.517824 10.701672
v 23.431957 0.517824 10.701672
v 24.065983 -0.040181 10.785601
v 24.065983 -0.040181 10.093984
v 23.981895 0.517824 10.200171
v 23.981895 0.517824 10.701672
v 24.065983 -0.040181 10.093984
v 23.347874 -0.040181 10.093984
v 23.431957 0.517824 10.200171
v 23.981895 0.517824 10.200171
v 23.347874 -0.040181 10.093984
v 23.347874 -0.040181 10.785601
v 23.431957 0.517824 10.701672
v 23.431957 0.517824 10.200171
v 23.431957 0.517825 7.488664
v 23.981895 0.517825 7.488664
v 23.981895 0.517825 6.987163
v 23.431957 0.517825 6.987163
v 23.347874 -0.040180 7.572593
v 24.065983 -0.040180 7.572593
v 23.981895 0.517825 7.488664
v 23.431957 0.517825 7.488664
v 24.065983 -0.040180 7.572593
v 24.065983 -0.040180 6.880976
v 23.981895 0.517825 6.987163
v 23.981895 0.517825 7.488664
v 24.065983 -0.040180 6.880976
v 23.347874 -0.040180 6.880976
v 23.431957 0.517825 6.987163
v 23.981895 0.517825 6.987163
v 23.347874 -0.040180 6.880976
v 23.347874 -0.040180 7.572593
v 23.431957 0.517825 7.488664
v 23.431957 0.517825 6.987163
v 23.431957 0.517825 4.229367
v 23.981895 0.517825 4.229367
v 23.981895 0.517825 3.727866
v 23.431957 0.517825 3.727866
v 23.347874 -0.040180 4.313296
v 24.065983 -0.040180 4.313296
v 23.981895 0.517825 4.229367
v 23.431957 0.517825 4.229367
v 24.065983 -0.040180 4.313296
v 24.065983 -0.040180 3.621679
v 23.981895 0.517825 3.727866
v 23.981895 0.517825 4.229367
v 24.065983 -0.040180 3.621679
v 23.347874 -0.040180 3.621679
v 23.431957 0.517825 3.727866
v 23.981895 0.517825 3.727866
v 23.347874 -0.040180 3.621679
v 23.347874 -0.040180 4.313296
v 23.431957 0.517825 4.229367
v 23.431957 0.517825 3.727866
v 23.431957 0.517826 0.965442
v 23.981895 0.517826 0.965442
v 23.981895 0.517826 0.463940
v 23.431957 0.517826 0.463940
v 23.347874 -0.040179 1.049371
v 24.065983 -0.040179 1.049371
v 23.981895 0.517826 0.965442
v 23.431957 0.517826 0.965442
v 24.065983 -0.040179 1.049371
v 24.065983 -0.040179 0.357754
v 23.981895 0.517826 0.463940
v 23.981895 0.517826 0.965442
v 24.065983 -0.040179 0.357754
v 23.347874 -0.040179 0.357754
v 23.431957 0.517826 0.463940
v 23.981895 0.517826 0.463940
v 23.347874 -0.040179 0.357754
v 23.347874 -0.040179 1.049371
v 23.431957 0.517826 0.965442
v 23.431957 0.517826 0.463940
v 23.431957 0.517826 -2.313786
v 23.981895 0.517826 -2.313786
v 23.981895 0.517826 -2.815288
v 23.431957 0.517826 -2.815288
v 23.347874 -0.040179 -2.229857
v 24.065983 -0.040179 -2.229857
v 23.981895 0.517826 -2.313786
v 23.431957 0.517826 -2.313786
v 24.065983 -0.040179 -2.229857
v 24.065983 -0.040179 -2.921474
v 23.981895 0.517826 -2.815288
v 23.981895 0.517826 -2.313786
v 24.065983 -0.040179 -2.921474
v 23.347874 -0.040179 -2.921474
v 23.431957 0.517826 -2.815288
v 23.981895 0.517826 -2.815288
v 23.347874 -0.040179 -2.921474
v 23.347874 -0.040179 -2.229857
v 23.431957 0.517826 -2.313786
v 23.431957 0.517826 -2.815288
v 20.400467 3.312075 13.914991
v 23.621120 3.312075 13.914991
v 23.621120 3.312075 13.727381
v 20.400467 3.312075 13.727381
v 20.400467 -0.009489 13.914990
v 23.621120 -0.009489 13.914990
v 23.621120 3.312075 13.914991
v 20.400467 3.312075 13.914991
v 23.621120 -0.009489 13.914990
v 23.621120 -0.009489 13.727380
v 23.621120 3.312075 13.727381
v 23.621120 3.312075 13.914991
v 23.621120 -0.009489 13.727380
v 20.400467 -0.009489 13.727380
v 20.400467 3.312075 13.727381
v 23.621120 3.312075 13.727381
v 20.400467 -0.009489 13.727380
v 20.400467 -0.009489 13.914990
v 20.400467 3.312075 13.914991
v 20.400467 3.312075 13.727381
v 23.797827 3.312075 13.702803
v 23.797827 3.312075 10.482152
v 23.610216 3.312075 10.482152
v 23.610216 3.312075 13.702805
v 23.797827 -0.009489 13.702802
v 23.797827 -0.009489 10.482151
v 23.797827 3.312075 10.482152
v 23.797827 3.312075 13.702803
v 23.797827 -0.009489 10.482151
v 23.610216 -0.009489 10.482151
v 23.610216 3.312075 10.482152
v 23.797827 3.312075 10.482152
v 23.610216 -0.009489 10.482151
v 23.610216 -0.009489 13.702804
v 23.610216 3.312075 13.702805
v 23.610216 3.312075 10.482152
v 23.610216 -0.009489 13.702804
v 23.797827 -0.009489 13.702802
v 23.797827 3.312075 13.702803
v 23.610216 3.312075 13.702805
v 23.797827 3.312075 10.454038
v 23.797827 3.312076 7.233386
v 23.610216 3.312076 7.233386
v 23.610216 3.312075 10.454038
v 23.797827 -0.009489 10.454037
v 23.797827 -0.009488 7.233385
v 23.797827 3.312076 7.233386
v 23.797827 3.312075 10.454038
v 23.797827 -0.009488 7.233385
v 23.610216 -0.009488 7.233385
v 23.610216 3.312076 7.233386
v 23.797827 3.312076 7.233386
v 23.610216 -0.009488 7.233385
v 23.610216 -0.009489 10.454037
v 23.610216 3.312075 10.454038
v 23.610216 3.312076 7.233386
v 23.610216 -0.009489 10.454037
v 23.797827 -0.009489 10.454037
v 23.797827 3.312075 10.454038
v 23.610216 3.312075 10.454038
v 23.431957 0.517827 -5.564007
v 23.981895 0.517827 -5.564007
v 23.981895 0.517827 -6.065509
v 23.431957 0.517827 -6.065509
v 23.347874 -0.040178 -5.480079
v 24.065983 -0.040178 -5.480079
v 23.981895 0.517827 -5.564007
v 23.431957 0.517827 -5.564007
v 24.065983 -0.040178 -5.480079
v 24.065983 -0.040178 -6.171696
v 23.981895 0.517827 -6.065509
v 23.981895 0.517827 -5.564007
v 24.065983 -0.040178 -6.171696
v 23.347874 -0.040178 -6.171696
v 23.431957 0.517827 -6.065509
v 23.981895 0.517827 -6.065509
v 23.347874 -0.040178 -6.171696
v 23.347874 -0.040178 -5.480079
v 23.431957 0.517827 -5.564007
v 23.431957 0.517827 -6.065509
v 23.797827 3.312076 7.194740
v 23.797827 3.312076 3.974089
v 23.610216 3.312076 3.974089
v 23.610216 3.312076 7.194740
v 23.797827 -0.009488 7.194740
v 23.797827 -0.009488 3.974089
v 23.797827 3.312076 3.974089
v 23.797827 3.312076 7.194740
v 23.797827 -0.009488 3.974089
v 23.610216 -0.009488 3.974089
v 23.610216 3.312076 3.974089
v 23.797827 3.312076 3.974089
v 23.610216 -0.009488 3.974089
v 23.610216 -0.009488 7.194740
v 23.610216 3.312076 7.194740
v 23.610216 3.312076 3.974089
v 23.610216 -0.009488 7.194740
v 23.797827 -0.009488 7.194740
v 23.797827 3.312076 7.194740
v 23.610216 3.312076 7.194740
v 23.431957 0.517827 -8.822927
v 23.981895 0.517827 -8.822927
v 23.981895 0.517828 -9.324430
v 23.431957 0.517828 -9.324430
v 23.347874 -0.040178 -8.738999
v 24.065983 -0.040178 -8.738999
v 23.981895 0.517827 -8.822927
v 23.431957 0.517827 -8.822927
v 24.065983 -0.040178 -8.738999
v 24.065983 -0.040177 -9.430616
v 23.981895 0.517828 -9.324430
v 23.981895 0.517827 -8.822927
v 24.065983 -0.040177 -9.430616
v 23.347874 -0.040177 -9.430616
v 23.431957 0.517828 -9.324430
v 23.981895 0.517828 -9.324430
v 23.347874 -0.040177 -9.430616
v 23.347874 -0.040178 -8.738999
v 23.431957 0.517827 -8.822927
v 23.431957 0.517828 -9.324430
v 23.797827 3.312076 3.930815
v 23.797827 3.312077 0.710164
v 23.610216 3.312077 0.710164
v 23.610216 3.312076 3.930815
v 23.797827 -0.009488 3.930815
v 23.797827 -0.009487 0.710163
v 23.797827 3.312077 0.710164
v 23.797827 3.312076 3.930815
v 23.797827 -0.009487 0.710163
v 23.610216 -0.009487 0.710163
v 23.610216 3.312077 0.710164
v 23.797827 3.312077 0.710164
v 23.610216 -0.009487 0.710163
v 23.610216 -0.009488 3.930815
v 23.610216 3.312076 3.930815
v 23.610216 3.312077 0.710164
v 23.610216 -0.009488 3.930815
v 23.797827 -0.009488 3.930815
v 23.797827 3.312076 3.930815
v 23.610216 3.312076 3.930815
v 23.431957 0.517828 -12.102869
v 23.981895 0.517828 -12.102869
v 23.981895 0.517828 -12.604372
v 23.431957 0.517828 -12.604372
v 23.347874 -0.040177 -12.018941
v 24.065983 -0.040177 -12.018941
v 23.981895 0.517828 -12.102869
v 23.431957 0.517828 -12.102869
v 24.065983 -0.040177 -12.018941
v 24.065983 -0.040177 -12.710558
v 23.981895 0.517828 -12.604372
v 23.981895 0.517828 -12.102869
v 24.065983 -0.040177 -12.710558
v 23.347874 -0.040177 -12.710558
v 23.431957 0.517828 -12.604372
v 23.981895 0.517828 -12.604372
v 23.347874 -0.040177 -12.710558
v 23.347874 -0.040177 -12.018941
v 23.431957 0.517828 -12.102869
v 23.431957 0.517828 -12.604372
v 23.797827 3.312077 0.651588
v 23.797827 3.312078 -2.569065
v 23.610216 3.312078 -2.569065
v 23.610216 3.312077 0.651588
v 23.797827 -0.009487 0.651587
v 23.797827 -0.009487 -2.569065
v 23.797827 3.312078 -2.569065
v 23.797827 3.312077 0.651588
v 23.797827 -0.009487 -2.569065
v 23.610216 -0.009487 -2.569065
v 23.610216 3.312078 -2.569065
v 23.797827 3.312078 -2.569065
v 23.610216 -0.009487 -2.569065
v 23.610216 -0.009487 0.651587
v 23.610216 3.312077 0.651588
v 23.610216 3.312078 -2.569065
v 23.610216 -0.009487 0.651587
v 23.797827 -0.009487 0.651587
v 23.797827 3.312077 0.651588
v 23.610216 3.312077 0.651588
v 23.431957 0.517829 -15.376716
v 23.981895 0.517829 -15.376716
v 23.981895 0.517829 -15.878217
v 23.431957 0.517829 -15.878217
v 23.347874 -0.040177 -15.292787
v 24.065983 -0.040177 -15.292787
v 23.981895 0.517829 -15.376716
v 23.431957 0.517829 -15.376716
v 24.065983 -0.040177 -15.292787
v 24.065983 -0.040176 -15.984404
v 23.981895 0.517829 -15.878217
v 23.981895 0.517829 -15.376716
v 24.065983 -0.040176 -15.984404
v 23.347874 -0.040176 -15.984404
v 23.431957 0.517829 -15.878217
v 23.981895 0.517829 -15.878217
v 23.347874 -0.040176 -15.984404
v 23.347874 -0.040177 -15.292787
v 23.431957 0.517829 -15.376716
v 23.431957 0.517829 -15.878217
v 23.797827 3.312078 -2.598634
v 23.797827 3.312078 -5.819285
v 23.610216 3.312078 -5.819285
v 23.610216 3.312078 -2.598634
v 23.797827 -0.009487 -2.598635
v 23.797827 -0.009486 -5.819286
v 23.797827 3.312078 -5.819285
v 23.797827 3.312078 -2.598634
v 23.797827 -0.009486 -5.819286
v 23.610216 -0.009486 -5.819286
v 23.610216 3.312078 -5.819285
v 23.797827 3.312078 -5.819285
v 23.610216 -0.009486 -5.819286
v 23.610216 -0.009487 -2.598635
v 23.610216 3.312078 -2.598634
v 23.610216 3.312078 -5.819285
v 23.610216 -0.009487 -2.598635
v 23.797827 -0.009487 -2.598635
v 23.797827 3.312078 -2.598634
v 23.610216 3.312078 -2.598634
v 23.431957 0.517829 -18.654785
v 23.981895 0.517829 -18.654785
v 23.981895 0.517829 -19.156284
v 23.431957 0.517829 -19.156284
v 23.347874 -0.040176 -18.570854
v 24.065983 -0.040176 -18.570854
v 23.981895 0.517829 -18.654785
v 23.431957 0.517829 -18.654785
v 24.065983 -0.040176 -18.570854
v 24.065983 -0.040176 -19.262472
v 23.981895 0.517829 -19.156284
v 23.981895 0.517829 -18.654785
v 24.065983 -0.040176 -19.262472
v 23.347874 -0.040176 -19.262472
v 23.431957 0.517829 -19.156284
v 23.981895 0.517829 -19.156284
v 23.347874 -0.040176 -19.262472
v 23.347874 -0.040176 -18.570854
v 23.431957 0.517829 -18.654785
v 23.431957 0.517829 -19.156284
v 23.797827 3.312078 -5.857553
v 23.797827 3.312078 -9.078204
v 23.610216 3.312078 -9.078204
v 23.610216 3.312078 -5.857553
v 23.797827 -0.009486 -5.857553
v 23.797827 -0.009486 -9.078205
v 23.797827 3.312078 -9.078204
v 23.797827 3.312078 -5.857553
v 23.797827 -0.009486 -9.078205
v 23.610216 -0.009486 -9.078205
v 23.610216 3.312078 -9.078204
v 23.797827 3.312078 -9.078204
v 23.610216 -0.009486 -9.078205
v 23.610216 -0.009486 -5.857553
v 23.610216 3.312078 -5.857553
v 23.610216 3.312078 -9.078204
v 23.610216 -0.009486 -5.857553
v 23.797827 -0.009486 -5.857553
v 23.797827 3.312078 -5.857553
v 23.610216 3.312078 -5.857553
v 23.431957 0.517830 -21.999081
v 23.981895 0.517830 -21.999081
v 23.981895 0.517830 -22.500580
v 23.431957 0.517830 -22.500580
v 23.347874 -0.040175 -21.915150
v 24.065983 -0.040175 -21.915150
v 23.981895 0.517830 -21.999081
v 23.431957 0.517830 -21.999081
v 24.065983 -0.040175 -21.915150
v 24.065983 -0.040175 -22.606770
v 23.981895 0.517830 -22.500580
v 23.981895 0.517830 -21.999081
v 24.065983 -0.040175 -22.606770
v 23.347874 -0.040175 -22.606770
v 23.431957 0.517830 -22.500580
v 23.981895 0.517830 -22.500580
v 23.347874 -0.040175 -22.606770
v 23.347874 -0.040175 -21.915150
v 23.431957 0.517830 -21.999081
v 23.431957 0.517830 -22.500580
v 23.797827 3.312078 -9.137494
v 23.797827 3.312079 -12.358146
v 23.610216 3.312079 -12.358146
v 23.610216 3.312078 -9.137494
v 23.797827 -0.009486 -9.137495
v 23.797827 -0.009485 -12.358147
v 23.797827 3.312079 -12.358146
v 23.797827 3.312078 -9.137494
v 23.797827 -0.009485 -12.358147
v 23.610216 -0.009485 -12.358147
v 23.610216 3.312079 -12.358146
v 23.797827 3.312079 -12.358146
v 23.610216 -0.009485 -12.358147
v 23.610216 -0.009486 -9.137495
v 23.610216 3.312078 -9.137494
v 23.610216 3.312079 -12.358146
v 23.610216 -0.009486 -9.137495
v 23.797827 -0.009486 -9.137495
v 23.797827 3.312078 -9.137494
v 23.610216 3.312078 -9.137494
v 20.370567 3.312081 -22.176582
v 23.591217 3.312081 -22.176582
v 23.591217 3.312081 -22.364193
v 20.370567 3.312081 -22.364193
v 20.370567 -0.009483 -22.176582
v 23.591217 -0.009483 -22.176582
v 23.591217 3.312081 -22.176582
v 20.370567 3.312081 -22.176582
v 23.591217 -0.009483 -22.176582
v 23.591217 -0.009483 -22.364193
v 23.591217 3.312081 -22.364193
v 23.591217 3.312081 -22.176582
v 23.591217 -0.009483 -22.364193
v 20.370567 -0.009483 -22.364193
v 20.370567 3.312081 -22.364193
v 23.591217 3.312081 -22.364193
v 20.370567 -0.009483 -22.364193
v 20.370567 -0.009483 -22.176582
v 20.370567 3.312081 -22.176582
v 20.370567 3.312081 -22.364193
v 23.797827 3.312079 -12.411340
v 23.797827 3.312080 -15.631991
v 23.610216 3.312080 -15.631991
v 23.610216 3.312079 -12.411340
v 23.797827 -0.009485 -12.411341
v 23.797827 -0.009484 -15.631992
v 23.797827 3.312080 -15.631991
v 23.797827 3.312079 -12.411340
v 23.797827 -0.009484 -15.631992
v 23.610216 -0.009484 -15.631992
v 23.610216 3.312080 -15.631991
v 23.797827 3.312080 -15.631991
v 23.610216 -0.009484 -15.631992
v 23.610216 -0.009485 -12.411341
v 23.610216 3.312079 -12.411340
v 23.610216 3.312080 -15.631991
v 23.610216 -0.009485 -12.411341
v 23.797827 -0.009485 -12.411341
v 23.797827 3.312079 -12.411340
v 23.610216 3.312079 -12.411340
v 20.038467 0.517830 -21.999081
v 20.588406 0.517830 -21.999081
v 20.588406 0.517830 -22.500580
v 20.038467 0.517830 -22.500580
v 19.954384 -0.040175 -21.915150
v 20.672493 -0.040175 -21.915150
v 20.588406 0.517830 -21.999081
v 20.038467 0.517830 -21.999081
v 20.672493 -0.040175 -21.915150
v 20.672493 -0.040175 -22.606770
v 20.588406 0.517830 -22.500580
v 20.588406 0.517830 -21.999081
v 20.672493 -0.040175 -22.606770
v 19.954384 -0.040175 -22.606770
v 20.038467 0.517830 -22.500580
v 20.588406 0.517830 -22.500580
v 19.954384 -0.040175 -22.606770
v 19.954384 -0.040175 -21.915150
v 20.038467 0.517830 -21.999081
v 20.038467 0.517830 -22.500580
v 23.797827 3.312080 -15.689408
v 23.797827 3.312080 -18.910061
v 23.610216 3.312080 -18.910061
v 23.610216 3.312080 -15.689408
v 23.797827 -0.009484 -15.689409
v 23.797827 -0.009484 -18.910061
v 23.797827 3.312080 -18.910061
v 23.797827 3.312080 -15.689408
v 23.797827 -0.009484 -18.910061
v 23.610216 -0.009484 -18.910061
v 23.610216 3.312080 -18.910061
v 23.797827 3.312080 -18.910061
v 23.610216 -0.009484 -18.910061
v 23.610216 -0.009484 -15.689409
v 23.610216 3.312080 -15.689408
v 23.610216 3.312080 -18.910061
v 23.610216 -0.009484 -15.689409
v 23.797827 -0.009484 -15.689409
v 23.797827 3.312080 -15.689408
v 23.610216 3.312080 -15.689408
v 16.766212 0.517830 -21.999081
v 17.316153 0.517830 -21.999081
v 17.316153 0.517830 -22.500580
v 16.766212 0.517830 -22.500580
v 16.682129 -0.040175 -21.915150
v 17.400238 -0.040175 -21.915150
v 17.316153 0.517830 -21.999081
v 16.766212 0.517830 -21.999081
v 17.400238 -0.040175 -21.915150
v 17.400238 -0.040175 -22.606770
v 17.316153 0.517830 -22.500580
v 17.316153 0.517830 -21.999081
v 17.400238 -0.040175 -22.606770
v 16.682129 -0.040175 -22.606770
v 16.766212 0.517830 -22.500580
v 17.316153 0.517830 -22.500580
v 16.682129 -0.040175 -22.606770
v 16.682129 -0.040175 -21.915150
v 16.766212 0.517830 -21.999081
v 16.766212 0.517830 -22.500580
v 23.797827 3.312080 -18.961386
v 23.797827 3.312081 -22.182037
v 23.610216 3.312081 -22.182037
v 23.610216 3.312080 -18.961386
v 23.797827 -0.009484 -18.961386
v 23.797827 -0.009483 -22.182037
v 23.797827 3.312081 -22.182037
v 23.797827 3.312080 -18.961386
v 23.797827 -0.009483 -22.182037
v 23.610216 -0.009483 -22.182037
v 23.610216 3.312081 -22.182037
v 23.797827 3.312081 -22.182037
v 23.610216 -0.009483 -22.182037
v 23.610216 -0.009484 -18.961386
v 23.610216 3.312080 -18.961386
v 23.610216 3.312081 -22.182037
v 23.610216 -0.009484 -18.961386
v 23.797827 -0.009484 -18.961386
v 23.797827 3.312080 -18.961386
v 23.610216 3.312080 -18.961386
v 13.506487 0.517830 -21.999081
v 14.056427 0.517830 -21.999081
v 14.056427 0.517830 -22.500580
v 13.506487 0.517830 -22.500580
v 13.422402 -0.040175 -21.915150
v 14.140512 -0.040175 -21.915150
v 14.056427 0.517830 -21.999081
v 13.506487 0.517830 -21.999081
v 14.140512 -0.040175 -21.915150
v 14.140512 -0.040175 -22.606770
v 14.056427 0.517830 -22.500580
v 14.056427 0.517830 -21.999081
v 14.140512 -0.040175 -22.606770
v 13.422402 -0.040175 -22.606770
v 13.506487 0.517830 -22.500580
v 14.056427 0.517830 -22.500580
v 13.422402 -0.040175 -22.606770
v 13.422402 -0.040175 -21.915150
v 13.506487 0.517830 -21.999081
v 13.506487 0.517830 -22.500580
v 17.098312 3.312081 -22.176582
v 20.318962 3.312081 -22.176582
v 20.318962 3.312081 -22.364193
v 17.098312 3.312081 -22.364193
v 17.098312 -0.009483 -22.176582
v 20.318962 -0.009483 -22.176582
v 20.318962 3.312081 -22.176582
v 17.098312 3.312081 -22.176582
v 20.318962 -0.009483 -22.176582
v 20.318962 -0.009483 -22.364193
v 20.318962 3.312081 -22.364193
v 20.318962 3.312081 -22.176582
v 20.318962 -0.009483 -22.364193
v 17.098312 -0.009483 -22.364193
v 17.098312 3.312081 -22.364193
v 20.318962 3.312081 -22.364193
v 17.098312 -0.009483 -22.364193
v 17.098312 -0.009483 -22.176582
v 17.098312 3.312081 -22.176582
v 17.098312 3.312081 -22.364193
v 10.230121 0.517830 -21.999081
v 10.780059 0.517830 -21.999081
v 10.780059 0.517830 -22.500580
v 10.230121 0.517830 -22.500580
v 10.146035 -0.040175 -21.915150
v 10.864144 -0.040175 -21.915150
v 10.780059 0.517830 -21.999081
v 10.230121 0.517830 -21.999081
v 10.864144 -0.040175 -21.915150
v 10.864144 -0.040175 -22.606770
v 10.780059 0.517830 -22.500580
v 10.780059 0.517830 -21.999081
v 10.864144 -0.040175 -22.606770
v 10.146035 -0.040175 -22.606770
v 10.230121 0.517830 -22.500580
v 10.780059 0.517830 -22.500580
v 10.146035 -0.040175 -22.606770
v 10.146035 -0.040175 -21.915150
v 10.230121 0.517830 -21.999081
v 10.230121 0.517830 -22.500580
v 13.838586 3.312081 -22.176582
v 17.059238 3.312081 -22.176582
v 17.059238 3.312081 -22.364193
v 13.838586 3.312081 -22.364193
v 13.838586 -0.009483 -22.176582
v 17.059238 -0.009483 -22.176582
v 17.059238 3.312081 -22.176582
v 13.838586 3.312081 -22.176582
v 17.059238 -0.009483 -22.176582
v 17.059238 -0.009483 -22.364193
v 17.059238 3.312081 -22.364193
v 17.059238 3.312081 -22.176582
v 17.059238 -0.009483 -22.364193
v 13.838586 -0.009483 -22.364193
v 13.838586 3.312081 -22.364193
v 17.059238 3.312081 -22.364193
v 13.838586 -0.009483 -22.364193
v 13.838586 -0.009483 -22.176582
v 13.838586 3.312081 -22.176582
v 13.838586 3.312081 -22.364193
v 7.007674 0.517830 -21.999081
v 7.557613 0.517830 -21.999081
v 7.557613 0.517830 -22.500580
v 7.007674 0.517830 -22.500580
v 6.923589 -0.040175 -21.915150
v 7.641698 -0.040175 -21.915150
v 7.557613 0.517830 -21.999081
v 7.007674 0.517830 -21.999081
v 7.641698 -0.040175 -21.915150
v 7.641698 -0.040175 -22.606770
v 7.557613 0.517830 -22.500580
v 7.557613 0.517830 -21.999081
v 7.641698 -0.040175 -22.606770
v 6.923589 -0.040175 -22.606770
v 7.007674 0.517830 -22.500580
v 7.557613 0.517830 -22.500580
v 6.923589 -0.040175 -22.606770
v 6.923589 -0.040175 -21.915150
v 7.007674 0.517830 -21.999081
v 7.007674 0.517830 -22.500580
v 10.562219 3.312081 -22.176582
v 13.782870 3.312081 -22.176582
v 13.782870 3.312081 -22.364193
v 10.562219 3.312081 -22.364193
v 10.562219 -0.009483 -22.176582
v 13.782870 -0.009483 -22.176582
v 13.782870 3.312081 -22.176582
v 10.562219 3.312081 -22.176582
v 13.782870 -0.009483 -22.176582
v 13.782870 -0.009483 -22.364193
v 13.782870 3.312081 -22.364193
v 13.782870 3.312081 -22.176582
v 13.782870 -0.009483 -22.364193
v 10.562219 -0.009483 -22.364193
v 10.562219 3.312081 -22.364193
v 13.782870 3.312081 -22.364193
v 10.562219 -0.009483 -22.364193
v 10.562219 -0.009483 -22.176582
v 10.562219 3.312081 -22.176582
v 10.562219 3.312081 -22.364193
v 4.044029 3.312081 -22.176582
v 7.264681 3.312081 -22.176582
v 7.264681 3.312081 -22.364193
v 4.044029 3.312081 -22.364193
v 4.044029 -0.009483 -22.176582
v 7.264681 -0.009483 -22.176582
v 7.264681 3.312081 -22.176582
v 4.044029 3.312081 -22.176582
v 7.264681 -0.009483 -22.176582
v 7.264681 -0.009483 -22.364193
v 7.264681 3.312081 -22.364193
v 7.264681 3.312081 -22.176582
v 7.264681 -0.009483 -22.364193
v 4.044029 -0.009483 -22.364193
v 4.044029 3.312081 -22.364193
v 7.264681 3.312081 -22.364193
v 4.044029 -0.009483 -22.364193
v 4.044029 -0.009483 -22.176582
v 4.044029 3.312081 -22.176582
v 4.044029 3.312081 -22.364193
v 7.290086 3.312081 -22.176582
v 10.510737 3.312081 -22.176582
v 10.510737 3.312081 -22.364193
v 7.290086 3.312081 -22.364193
v 7.290086 -0.009483 -22.176582
v 10.510737 -0.009483 -22.176582
v 10.510737 3.312081 -22.176582
v 7.290086 3.312081 -22.176582
v 10.510737 -0.009483 -22.176582
v 10.510737 -0.009483 -22.364193
v 10.510737 3.312081 -22.364193
v 10.510737 3.312081 -22.176582
v 10.510737 -0.009483 -22.364193
v 7.290086 -0.009483 -22.364193
v 7.290086 3.312081 -22.364193
v 10.510737 3.312081 -22.364193
v 7.290086 -0.009483 -22.364193
v 7.290086 -0.009483 -22.176582
v 7.290086 3.312081 -22.176582
v 7.290086 3.312081 -22.364193
v 0.490275 0.517830 -21.999081
v 1.040214 0.517830 -21.999081
v 1.040214 0.517830 -22.500580
v 0.490275 0.517830 -22.500580
v 0.406190 -0.040175 -21.915150
v 1.124299 -0.040175 -21.915150
v 1.040214 0.517830 -21.999081
v 0.490275 0.517830 -21.999081
v 1.124299 -0.040175 -21.915150
v 1.124299 -0.040175 -22.606770
v 1.040214 0.517830 -22.500580
v 1.040214 0.517830 -21.999081
v 1.124299 -0.040175 -22.606770
v 0.406190 -0.040175 -22.606770
v 0.490275 0.517830 -22.500580
v 1.040214 0.517830 -22.500580
v 0.406190 -0.040175 -22.606770
v 0.406190 -0.040175 -21.915150
v 0.490275 0.517830 -21.999081
v 0.490275 0.517830 -22.500580
v 3.761617 0.517830 -21.999081
v 4.311556 0.517830 -21.999081
v 4.311556 0.517830 -22.500580
v 3.761617 0.517830 -22.500580
v 3.677532 -0.040175 -21.915150
v 4.395641 -0.040175 -21.915150
v 4.311556 0.517830 -21.999081
v 3.761617 0.517830 -21.999081
v 4.395641 -0.040175 -21.915150
v 4.395641 -0.040175 -22.606770
v 4.311556 0.517830 -22.500580
v 4.311556 0.517830 -21.999081
v 4.395641 -0.040175 -22.606770
v 3.677532 -0.040175 -22.606770
v 3.761617 0.517830 -22.500580
v 4.311556 0.517830 -22.500580
v 3.677532 -0.040175 -22.606770
v 3.677532 -0.040175 -21.915150
v 3.761617 0.517830 -21.999081
v 3.761617 0.517830 -22.500580
v 0.772687 3.064547 -23.081375
v 3.993339 3.064547 -23.081375
v 3.993339 2.988439 -23.252853
v 0.772687 2.988439 -23.252853
v 0.772687 0.028571 -21.733921
v 3.993339 0.028571 -21.733921
v 3.993339 3.064547 -23.081375
v 0.772687 3.064547 -23.081375
v 3.993339 0.028571 -21.733921
v 3.993339 -0.047537 -21.905399
v 3.993339 2.988439 -23.252853
v 3.993339 3.064547 -23.081375
v 3.993339 -0.047537 -21.905399
v 0.772687 -0.047537 -21.905399
v 0.772687 2.988439 -23.252853
v 3.993339 2.988439 -23.252853
v 0.772687 -0.047537 -21.905399
v 0.772687 0.028571 -21.733921
v 0.772687 3.064547 -23.081375
v 0.772687 2.988439 -23.252853
v 8.354898 3.312075 13.914991
v 11.575548 3.312075 13.914991
v 11.575548 3.312075 13.727381
v 8.354898 3.312075 13.727381
v 8.354898 -0.009489 13.914990
v 11.575548 -0.009489 13.914990
v 11.575548 3.312075 13.914991
v 8.354898 3.312075 13.914991
v 11.575548 -0.009489 13.914990
v 11.575548 -0.009489 13.727380
v 11.575548 3.312075 13.727381
v 11.575548 3.312075 13.914991
v 11.575548 -0.009489 13.727380
v 8.354898 -0.009489 13.727380
v 8.354898 3.312075 13.727381
v 11.575548 3.312075 13.727381
v 8.354898 -0.009489 13.727380
v 8.354898 -0.009489 13.914990
v 8.354898 3.312075 13.914991
v 8.354898 3.312075 13.727381
v 11.282148 0.517824 14.089536
v 11.832087 0.517824 14.089536
v 11.832087 0.517824 13.588035
v 11.282148 0.517824 13.588035
v 11.198065 -0.040181 14.173465
v 11.916174 -0.040181 14.173465
v 11.832087 0.517824 14.089536
v 11.282148 0.517824 14.089536
v 11.916174 -0.040181 14.173465
v 11.916174 -0.040181 13.481847
v 11.832087 0.517824 13.588035
v 11.832087 0.517824 14.089536
v 11.916174 -0.040181 13.481847
v 11.198065 -0.040181 13.481847
v 11.282148 0.517824 13.588035
v 11.832087 0.517824 13.588035
v 11.198065 -0.040181 13.481847
v 11.198065 -0.040181 14.173465
v 11.282148 0.517824 14.089536
v 11.282148 0.517824 13.588035
v 8.098633 0.517824 14.089536
v 8.648573 0.517824 14.089536
v 8.648573 0.517824 13.588035
v 8.098633 0.517824 13.588035
v 8.014547 -0.040181 14.173465
v 8.732656 -0.040181 14.173465
v 8.648573 0.517824 14.089536
v 8.098633 0.517824 14.089536
v 8.732656 -0.040181 14.173465
v 8.732656 -0.040181 13.481847
v 8.648573 0.517824 13.588035
v 8.648573 0.517824 14.089536
v 8.732656 -0.040181 13.481847
v 8.014547 -0.040181 13.481847
v 8.098633 0.517824 13.588035
v 8.648573 0.517824 13.588035
v 8.014547 -0.040181 13.481847
v 8.014547 -0.040181 14.173465
v 8.098633 0.517824 14.089536
v 8.098633 0.517824 13.588035
v -11.749652 1.202520 24.293653
v -8.762048 1.202520 24.293653
v -8.762048 3.328259 24.293653
v -11.749652 3.328259 24.293653
v -12.468758 3.477105 27.960808
v -12.468758 3.477106 24.095858
v -8.050057 3.477106 24.095858
v -8.050057 3.477105 27.960808
v -12.893991 10.204162 23.768925
v -12.893991 12.637825 23.768925
v -10.645082 12.335694 23.768925
v -11.719356 10.204162 23.768925
v -9.556830 12.335694 23.768925
v -8.509706 10.204162 23.768925
v -7.388495 12.637825 23.768925
v -7.388495 10.204162 23.768925
v -9.556830 12.635624 23.768925
v -10.645082 12.635624 23.768925
v -12.919076 3.705848 9.823958
v -12.911285 11.322055 9.847865
v -11.697586 11.322055 9.847865
v -11.690325 3.705848 9.823958
v -11.690325 3.705848 9.823958
v -11.697586 11.322055 9.847865
v -8.520726 11.322055 9.847865
v -8.517027 3.705848 9.823958
v -8.517027 3.705848 9.823958
v -8.520726 11.322055 9.847865
v -7.396265 11.322055 9.847865
v -7.402823 3.705848 9.823958
v -7.402823 3.705848 9.823958
v -7.396265 11.322055 9.847865
v -4.321285 11.322055 9.847865
v -4.305429 3.705848 9.823958
v -4.305429 3.705848 9.823958
v -4.321285 11.322055 9.847865
v -3.139948 11.322055 9.847865
v -3.141402 3.705848 9.823958
v -3.141402 3.705848 9.823958
v -3.139948 11.322055 9.847865
v -0.073221 11.322055 9.847865
v -0.061928 3.705848 9.823958
v -0.061928 3.705848 9.823958
v -0.073221 11.322055 9.847865
v 1.108575 11.322055 9.847865
v 1.090168 3.705848 9.823958
v 1.090168 3.705848 9.823958
v 1.108575 11.322055 9.847865
v 4.194719 11.322055 9.847865
v 4.197594 3.705848 9.823958
v -12.919076 3.705848 9.823958
v -16.084751 3.705848 9.823958
v -16.116299 11.322055 9.847866
v -12.911285 11.322055 9.847865
v -16.084751 3.705848 9.823958
v -17.248777 3.705848 9.823958
v -17.265671 11.322055 9.847865
v -16.116299 11.322055 9.847866
v -17.248777 3.705848 9.823958
v -20.328253 3.705848 9.823958
v -20.331690 11.322055 9.847865
v -17.265671 11.322055 9.847865
v -20.328253 3.705848 9.823958
v -21.480347 3.705848 9.823958
v -21.475096 11.322055 9.847865
v -20.331690 11.322055 9.847865
v -21.480347 3.705848 9.823958
v -24.587772 3.705848 9.823958
v -24.587055 11.322055 9.847865
v -21.475096 11.322055 9.847865
v -12.919076 3.705848 9.823958
v -11.690325 3.705848 9.823958
v -11.697586 0.457600 9.847863
v -12.911285 0.457600 9.847863
v -8.517027 3.705848 9.823958
v -7.402823 3.705848 9.823958
v -7.396265 0.457600 9.847863
v -8.520726 0.457600 9.847863
v -4.305429 3.705848 9.823958
v -3.141402 3.705848 9.823958
v -3.139948 0.457600 9.847863
v -4.321285 0.457600 9.847863
v -0.061928 3.705848 9.823958
v 1.090168 3.705848 9.823958
v 1.108575 0.457600 9.847863
v -0.073221 0.457600 9.847863
v -16.084751 3.705848 9.823958
v -16.116299 0.457600 9.847863
v -17.265671 0.457600 9.847863
v -17.248777 3.705848 9.823958
v -20.328253 3.705848 9.823958
v -20.331690 0.457600 9.847863
v -21.475096 0.457600 9.847863
v -21.480347 3.705848 9.823958
v -12.919076 3.705846 24.243996
v -11.690325 3.705846 24.243996
v -11.697586 11.322053 24.249811
v -12.911285 11.322053 24.249811
v -11.690325 3.705846 24.243996
v -8.517027 3.705846 24.243996
v -8.520726 11.322053 24.249813
v -11.697586 11.322053 24.249811
v -8.517027 3.705846 24.243996
v -7.402823 3.705846 24.243996
v -7.396265 11.322053 24.249813
v -8.520726 11.322053 24.249813
v -7.402823 3.705846 24.243996
v -4.305429 3.705846 24.243996
v -4.321285 11.322053 24.249811
v -7.396265 11.322053 24.249813
v -4.305429 3.705846 24.243996
v -3.141402 3.705846 24.243996
v -3.139948 11.322053 24.249811
v -4.321285 11.322053 24.249811
v -3.141402 3.705846 24.243996
v -0.061928 3.705846 24.243996
v -0.073221 11.322053 24.249811
v -3.139948 11.322053 24.249811
v -0.061928 3.705846 24.243996
v 1.090168 3.705846 24.243996
v 1.108575 11.322053 24.249813
v -0.073221 11.322053 24.249811
v 1.090168 3.705846 24.243996
v 4.197594 3.705846 24.243996
v 4.194719 11.322053 24.249813
v 1.108575 11.322053 24.249813
v -12.919076 3.705846 24.243996
v -12.911285 11.322053 24.249811
v -16.116299 11.322053 24.249813
v -16.084751 3.705846 24.243996
v -16.084751 3.705846 24.243996
v -16.116299 11.322053 24.249813
v -17.265671 11.322053 24.249813
v -17.248777 3.705846 24.243996
v -17.248777 3.705846 24.243996
v -17.265671 11.322053 24.249813
v -20.331690 11.322053 24.249813
v -20.328253 3.705846 24.243996
v -20.328253 3.705846 24.243996
v -20.331690 11.322053 24.249813
v -21.475096 11.322053 24.249811
v -21.480347 3.705846 24.243996
v -21.480347 3.705846 24.243996
v -21.475096 11.322053 24.249811
v -24.587055 11.322053 24.249811
v -24.587772 3.705846 24.243996
v -12.919076 3.705846 24.243996
v -12.911285 0.457597 24.249809
v -11.697586 0.457597 24.249809
v -11.690325 3.705846 24.243996
v -8.517027 3.705846 24.243996
v -8.520726 0.457597 24.249809
v -7.396265 0.457597 24.249809
v -7.402823 3.705846 24.243996
v -4.305429 3.705846 24.243996
v -4.321285 0.457597 24.249809
v -3.139948 0.457597 24.249809
v -3.141402 3.705846 24.243996
v -0.061928 3.705846 24.243996
v -0.073221 0.457597 24.249809
v 1.108575 0.457597 24.249809
v 1.090168 3.705846 24.243996
v -16.084751 3.705846 24.243996
v -17.248777 3.705846 24.243996
v -17.265671 0.457597 24.249809
v -16.116299 0.457597 24.249809
v -20.328253 3.705846 24.243996
v -21.480347 3.705846 24.243996
v -21.475096 0.457597 24.249809
v -20.331690 0.457597 24.249809
v 0.216319 0.022989 2.703048
v 0.216319 0.022988 6.988582
v 0.402681 -0.015746 6.988582
v 0.402681 -0.015745 2.703048
v 0.216319 0.022990 -4.269814
v 0.216319 0.022989 -0.037925
v 0.402681 -0.015745 -0.037925
v 0.402681 -0.015744 -4.269814
v 0.216319 0.022991 -11.361722
v 0.216319 0.022990 -7.083062
v 0.402681 -0.015744 -7.083062
v 0.402681 -0.015743 -11.361722
v 0.216319 0.022992 -18.597237
v 0.216319 0.022991 -14.318104
v 0.402681 -0.015743 -14.318104
v 0.402681 -0.015742 -18.597237
v 0.929788 4.307761 4.851063
v 0.920129 4.323517 4.828348
v 0.422813 4.011705 4.828348
v 0.432472 3.995948 4.851063
v 0.925582 4.314623 4.800982
v 0.428265 4.002810 4.800982
v 0.940693 4.289972 4.796337
v 0.443376 3.978159 4.796337
v 0.950351 4.274215 4.819053
v 0.453035 3.962402 4.819053
v 0.944899 4.283110 4.846416
v 0.447583 3.971297 4.846416
v 0.403694 3.997143 4.828346
v 0.415615 3.983020 4.851063
v 0.410424 3.989170 4.800982
v 0.429074 3.967076 4.796337
v 0.440995 3.952953 4.819053
v 0.434266 3.960925 4.846416
v 0.378495 3.959984 4.828346
v 0.395623 3.953042 4.851063
v 0.388163 3.956066 4.800982
v 0.414960 3.945205 4.796337
v 0.432088 3.938263 4.819053
v 0.422420 3.942181 4.846416
v 0.372759 3.916537 4.828346
v 0.391240 3.916687 4.851063
v 0.383191 3.916622 4.800982
v 0.412105 3.916856 4.796337
v 0.430586 3.917006 4.819053
v 0.420153 3.916922 4.846416
v 0.373204 3.653028 4.828346
v 0.391685 3.653178 4.851063
v 0.372759 3.916537 4.828346
v 0.383191 3.916622 4.800982
v 0.383636 3.653112 4.800982
v 0.373204 3.653028 4.828346
v 0.412549 3.653347 4.796336
v 0.383636 3.653112 4.800982
v 0.431030 3.653497 4.819053
v 0.412549 3.653347 4.796336
v 0.430586 3.917006 4.819053
v 0.420598 3.653412 4.846416
v 0.431030 3.653497 4.819053
v 0.383636 3.653112 4.800982
v 0.412549 3.653347 4.796336
v 0.929788 4.307765 -16.314808
v 0.920129 4.323521 -16.337524
v 0.422813 4.011709 -16.337524
v 0.432472 3.995952 -16.314808
v 0.925582 4.314627 -16.364889
v 0.428265 4.002814 -16.364889
v 0.940693 4.289976 -16.369535
v 0.443376 3.978163 -16.369535
v 0.950351 4.274219 -16.346819
v 0.453035 3.962406 -16.346819
v 0.944899 4.283114 -16.319454
v 0.447583 3.971301 -16.319454
v 0.403694 3.997146 -16.337524
v 0.415615 3.983024 -16.314808
v 0.410423 3.989175 -16.364887
v 0.429074 3.967080 -16.369535
v 0.440996 3.952956 -16.346819
v 0.434266 3.960929 -16.319454
v 0.378494 3.959988 -16.337524
v 0.395623 3.953046 -16.314808
v 0.388163 3.956069 -16.364889
v 0.414960 3.945209 -16.369535
v 0.432088 3.938267 -16.346819
v 0.422420 3.942185 -16.319454
v 0.372759 3.916541 -16.337526
v 0.391240 3.916691 -16.314808
v 0.383191 3.916626 -16.364889
v 0.412105 3.916860 -16.369535
v 0.430585 3.917011 -16.346817
v 0.420153 3.916926 -16.319454
v 0.373204 3.653032 -16.337524
v 0.391684 3.653182 -16.314808
v 0.372759 3.916541 -16.337526
v 0.383191 3.916626 -16.364889
v 0.383636 3.653116 -16.364887
v 0.373204 3.653032 -16.337524
v 0.412549 3.653351 -16.369535
v 0.383636 3.653116 -16.364887
v 0.431030 3.653501 -16.346819
v 0.412549 3.653351 -16.369535
v 0.430585 3.917011 -16.346817
v 0.420598 3.653416 -16.319454
v 0.431030 3.653501 -16.346819
v 0.383636 3.653116 -16.364887
v 0.412549 3.653351 -16.369535
v 0.929788 4.307764 -9.215384
v 0.920129 4.323519 -9.238102
v 0.422813 4.011707 -9.238102
v 0.432472 3.995950 -9.215384
v 0.925582 4.314625 -9.265466
v 0.428265 4.002812 -9.265466
v 0.940693 4.289974 -9.270113
v 0.443376 3.978161 -9.270113
v 0.950351 4.274218 -9.247396
v 0.453035 3.962404 -9.247396
v 0.944899 4.283113 -9.220032
v 0.447583 3.971299 -9.220032
v 0.403694 3.997144 -9.238102
v 0.415615 3.983022 -9.215385
v 0.410424 3.989172 -9.265466
v 0.429074 3.967078 -9.270113
v 0.440996 3.952955 -9.247396
v 0.434266 3.960927 -9.220033
v 0.378494 3.959986 -9.238102
v 0.395623 3.953044 -9.215385
v 0.388163 3.956067 -9.265466
v 0.414960 3.945207 -9.270114
v 0.432088 3.938264 -9.247396
v 0.422420 3.942183 -9.220032
v 0.372759 3.916539 -9.238102
v 0.391240 3.916689 -9.215385
v 0.383191 3.916625 -9.265466
v 0.412105 3.916858 -9.270113
v 0.430586 3.917008 -9.247396
v 0.420153 3.916924 -9.220033
v 0.373204 3.653030 -9.238102
v 0.391685 3.653180 -9.215385
v 0.372759 3.916539 -9.238102
v 0.383191 3.916625 -9.265466
v 0.383636 3.653114 -9.265467
v 0.373204 3.653030 -9.238102
v 0.412549 3.653349 -9.270113
v 0.383636 3.653114 -9.265467
v 0.431030 3.653499 -9.247396
v 0.412549 3.653349 -9.270113
v 0.430586 3.917008 -9.247396
v 0.420598 3.653414 -9.220033
v 0.431030 3.653499 -9.247396
v 0.383636 3.653114 -9.265467
v 0.412549 3.653349 -9.270113
v 0.929788 4.307763 -2.157350
v 0.920129 4.323520 -2.180067
v 0.422813 4.011706 -2.180067
v 0.432472 3.995949 -2.157350
v 0.925581 4.314624 -2.207431
v 0.428265 4.002811 -2.207431
v 0.940692 4.289973 -2.212078
v 0.443376 3.978160 -2.212078
v 0.950351 4.274217 -2.189362
v 0.453035 3.962404 -2.189361
v 0.944899 4.283112 -2.161997
v 0.447583 3.971298 -2.161998
v 0.403694 3.997144 -2.180067
v 0.415615 3.983021 -2.157350
v 0.410423 3.989172 -2.207431
v 0.429074 3.967077 -2.212078
v 0.440995 3.952954 -2.189361
v 0.434266 3.960926 -2.161998
v 0.378494 3.959985 -2.180067
v 0.395623 3.953043 -2.157350
v 0.388163 3.956068 -2.207432
v 0.414960 3.945206 -2.212078
v 0.432088 3.938264 -2.189361
v 0.422419 3.942182 -2.161998
v 0.372759 3.916538 -2.180067
v 0.391240 3.916688 -2.157350
v 0.383191 3.916624 -2.207431
v 0.412105 3.916857 -2.212079
v 0.430586 3.917007 -2.189362
v 0.420153 3.916923 -2.161998
v 0.373204 3.653029 -2.180068
v 0.391684 3.653179 -2.157351
v 0.372759 3.916538 -2.180067
v 0.383191 3.916624 -2.207431
v 0.383636 3.653113 -2.207433
v 0.373204 3.653029 -2.180068
v 0.412549 3.653348 -2.212079
v 0.383636 3.653113 -2.207433
v 0.431030 3.653498 -2.189362
v 0.412549 3.653348 -2.212079
v 0.430586 3.917007 -2.189362
v 0.420598 3.653414 -2.161999
v 0.431030 3.653498 -2.189362
v 0.383636 3.653113 -2.207433
v 0.412549 3.653348 -2.212079
v -28.658157 -0.021527 24.160070
v 8.274042 -0.021527 24.160070
v 8.274042 0.494041 24.160070
v -28.658157 0.494041 24.160070
v 8.274042 -0.021527 24.160070
v 8.274042 -0.021525 9.941253
v 8.274042 0.494042 9.941252
v 8.274042 0.494041 24.160070
v 8.274042 -0.021525 9.941253
v -28.658157 -0.021525 9.941253
v -28.658157 0.494042 9.941253
v 8.274042 0.494042 9.941252
v -28.658157 -0.021525 9.941253
v -28.658157 -0.021527 24.160070
v -28.658157 0.494041 24.160070
v -28.658157 0.494042 9.941253
v 8.298167 2.920254 15.167352
v 8.301322 2.919866 16.707212
v 8.314636 0.675699 16.707336
v 8.314605 0.675254 15.167336
vt 1.000000 2.000000
vt 0.000000 2.000000
vt -0.000000 1.000000
vt 1.000000 1.000000
vt -0.284173 1.008245
vt -0.284172 1.996972
vt 0.277563 1.996972
vt 0.277563 1.008245
vt 0.277364 1.008202
vt -0.284290 1.008202
vt -0.284290 1.996621
vt 0.277364 1.996621
vt -0.286558 1.413512
vt 0.282229 1.413511
vt 0.282229 1.000638
vt -0.286558 1.000638
vt 0.282028 1.413469
vt 0.282028 1.000725
vt -0.286677 1.000725
vt -0.286677 1.413469
vt 0.000000 1.006015
vt 0.000000 2.000000
vt 1.000000 2.000000
vt 1.000000 1.006015
vt -0.284173 1.008245
vt 0.277563 1.008245
vt 0.277563 1.996972
vt -0.284172 1.996972
vt 0.277364 1.008202
vt 0.277364 1.996621
vt -0.284290 1.996621
vt -0.284290 1.008202
vt -0.286558 1.413512
vt -0.286558 1.000638
vt 0.282229 1.000638
vt 0.282229 1.413511
vt 0.282028 1.413469
vt -0.286677 1.413469
vt -0.286677 1.000725
vt 0.282028 1.000725
vt 0.001181 1.003452
vt 0.999307 1.003452
vt 0.999307 1.421009
vt 0.001181 1.421009
vt 0.000000 1.006015
vt 1.000000 1.006015
vt 1.000000 2.000000
vt 0.000000 2.000000
vt 0.474209 1.030926
vt 0.474278 1.340698
vt 0.999307 1.003452
vt 0.999307 1.421009
vt 0.001181 1.421009
vt 0.368713 1.341051
vt 0.001181 1.003452
vt 0.369201 1.031381
vt 2.016676 -0.203302
vt -1.016677 -0.203302
vt -1.016678 -0.600059
vt 2.016676 -0.600060
vt 2.998815 -0.382478
vt -1.998816 -0.382477
vt -1.998816 -1.335417
vt 2.998815 -1.335418
vt 2.016676 0.745027
vt -1.016677 0.745028
vt -1.016677 0.375094
vt 2.016676 0.375093
vt 2.998815 1.168022
vt -1.998816 1.168023
vt -1.998816 0.227012
vt 2.998815 0.227011
vt 2.016677 1.695870
vt -1.016677 1.695871
vt -1.016677 1.316182
vt 2.016676 1.316182
vt 2.998816 2.744994
vt -1.998816 2.744995
vt -1.998816 1.793583
vt 2.998816 1.793582
vt 2.016677 2.672344
vt -1.016677 2.672345
vt -1.016677 2.273338
vt 2.016677 2.273338
vt 2.998816 4.353898
vt -1.998815 4.353899
vt -1.998815 3.402382
vt 2.998816 3.402381
vt 2.016677 3.594692
vt -1.016677 3.594693
vt -1.016677 3.249876
vt 2.016677 3.249876
vt -1.597376 1.468426
vt -1.200618 1.468426
vt -1.200618 1.526208
vt -1.597376 1.526208
vt 2.200619 1.468426
vt 2.597376 1.468426
vt 2.597376 1.526208
vt 2.200619 1.526208
vt 1.252290 1.468426
vt 1.622224 1.468426
vt 1.622224 1.526208
vt 1.252290 1.526208
vt -0.622223 1.468426
vt -0.252289 1.468426
vt -0.252289 1.526208
vt -0.622223 1.526208
vt 0.301446 1.468426
vt 0.681135 1.468426
vt 0.681135 1.526208
vt 0.301446 1.526208
vt 0.318866 1.468426
vt 0.698554 1.468426
vt 0.698554 1.526208
vt 0.318866 1.526208
vt -0.675028 1.468426
vt -0.276021 1.468426
vt -0.276021 1.526208
vt -0.675028 1.526208
vt 1.276022 1.468426
vt 1.675028 1.468426
vt 1.675028 1.526208
vt 1.276022 1.526208
vt -1.597376 1.468426
vt -1.252559 1.468426
vt -1.252559 1.526208
vt -1.597376 1.526208
vt -1.016677 1.468426
vt 2.016677 1.468426
vt 2.016677 1.526208
vt -1.016677 1.526208
vt 2.252559 1.468426
vt 2.597376 1.468426
vt 2.597376 1.526208
vt 2.252559 1.526208
vt 4.805825 3.511395
vt 3.877607 3.511395
vt 3.877607 -0.487094
vt 4.805825 -0.487094
vt 5.913643 3.511395
vt 5.913643 -0.487094
vt 3.539642 3.511395
vt 2.630465 3.511395
vt 2.630465 -0.487094
vt 3.539642 -0.487094
vt 2.292500 3.511395
vt 1.326200 3.511395
vt 1.326200 -0.487094
vt 2.292500 -0.487094
vt 0.969195 3.511395
vt 0.021936 3.511395
vt 0.021936 -0.487094
vt 0.969195 -0.487094
vt -0.316029 3.511395
vt -1.225207 3.511395
vt -1.225207 -0.487094
vt -0.316029 -0.487094
vt -1.582213 3.511395
vt -2.491812 3.511395
vt -2.491812 -0.487094
vt -1.582213 -0.487094
vt -2.852645 3.511395
vt -3.765486 3.511395
vt -3.765486 -0.487094
vt -2.852645 -0.487094
vt -4.920357 3.511395
vt -4.920357 -0.487094
vt 5.913643 1.583768
vt 4.805825 1.583768
vt 4.805825 1.440536
vt 5.913643 1.440536
vt 4.805825 1.583768
vt 3.877607 1.583767
vt 3.877607 1.440536
vt 4.805825 1.440536
vt 3.877607 1.583767
vt 3.539642 1.583767
vt 3.539642 1.440536
vt 3.877607 1.440536
vt 3.539642 1.583767
vt 2.630464 1.583767
vt 2.630465 1.440536
vt 3.539642 1.440536
vt 2.630464 1.583767
vt 2.292500 1.583767
vt 2.292500 1.440535
vt 2.630465 1.440536
vt 2.292500 1.583767
vt 1.326200 1.583767
vt 1.326200 1.440535
vt 2.292500 1.440535
vt 1.326200 1.583767
vt 0.969195 1.583767
vt 0.969195 1.440535
vt 1.326200 1.440535
vt 0.969195 1.583767
vt 0.021936 1.583766
vt 0.021936 1.440535
vt 0.969195 1.440535
vt 0.021936 1.583766
vt -0.316029 1.583766
vt -0.316029 1.440535
vt 0.021936 1.440535
vt -0.316029 1.583766
vt -1.225207 1.583766
vt -1.225207 1.440535
vt -0.316029 1.440535
vt -1.225207 1.583766
vt -1.582213 1.583766
vt -1.582213 1.440534
vt -1.225207 1.440535
vt -1.582213 1.583766
vt -2.491812 1.583766
vt -2.491812 1.440534
vt -1.582213 1.440534
vt -2.491812 1.583766
vt -2.852645 1.583766
vt -2.852645 1.440534
vt -2.491812 1.440534
vt -2.852645 1.583766
vt -3.765486 1.583766
vt -3.765486 1.440534
vt -2.852645 1.440534
vt -3.765486 1.583766
vt -4.920357 1.583765
vt -4.920357 1.440534
vt -3.765486 1.440534
vt 0.425029 3.511395
vt 0.425029 -0.487094
vt 0.568261 -0.487094
vt 0.568260 3.511395
vt 5.913643 1.583765
vt 4.758772 1.583765
vt 4.758772 1.440534
vt 5.913643 1.440533
vt 4.758772 1.583765
vt 3.845931 1.583766
vt 3.845931 1.440534
vt 4.758772 1.440534
vt 3.845931 1.583766
vt 3.485098 1.583766
vt 3.485098 1.440534
vt 3.845931 1.440534
vt 3.485098 1.583766
vt 2.575499 1.583766
vt 2.575499 1.440534
vt 3.485098 1.440534
vt 2.575499 1.583766
vt 2.218494 1.583766
vt 2.218494 1.440534
vt 2.575499 1.440534
vt 2.218494 1.583766
vt 1.309316 1.583766
vt 1.309316 1.440534
vt 2.218494 1.440534
vt 1.309316 1.583766
vt 0.971351 1.583766
vt 0.971350 1.440535
vt 1.309316 1.440534
vt 0.971351 1.583766
vt 0.024092 1.583766
vt 0.024092 1.440535
vt 0.971350 1.440535
vt 0.024092 1.583766
vt -0.332914 1.583766
vt -0.332914 1.440535
vt 0.024092 1.440535
vt -0.332914 1.583766
vt -1.299213 1.583767
vt -1.299213 1.440535
vt -0.332914 1.440535
vt -1.299213 1.583767
vt -1.637178 1.583767
vt -1.637178 1.440535
vt -1.299213 1.440535
vt -1.637178 1.583767
vt -2.546355 1.583767
vt -2.546355 1.440535
vt -1.637178 1.440535
vt -2.546355 1.583767
vt -2.884320 1.583767
vt -2.884320 1.440536
vt -2.546355 1.440535
vt -2.884320 1.583767
vt -3.812538 1.583767
vt -3.812538 1.440536
vt -2.884320 1.440536
vt -3.812538 1.583767
vt -4.920357 1.583768
vt -4.920357 1.440536
vt -3.812538 1.440536
vt 0.568260 -0.487094
vt 0.568261 3.511395
vt 0.425029 3.511395
vt 0.425029 -0.487094
vt 0.000000 1.000000
vt 1.000000 1.000000
vt 1.000000 2.000000
vt 0.000000 2.000000
vt 1.389914 1.000507
vt 1.389914 1.995827
vt 1.603572 1.995517
vt 1.603572 1.000197
vt -0.000592 1.001346
vt -0.000592 1.999421
vt 0.394282 1.999421
vt 0.394281 1.001346
vt 1.389996 1.000350
vt 1.389997 1.995670
vt 1.602971 1.995826
vt 1.602970 1.000507
vt 0.603115 1.000229
vt 0.603115 1.998304
vt 0.997988 1.998304
vt 0.997988 1.000229
vt 1.390043 1.000507
vt 1.390043 1.995826
vt 1.604457 1.995826
vt 1.604457 1.000506
vt -0.000592 1.001346
vt -0.000592 1.999421
vt 0.394282 1.999421
vt 0.394281 1.001346
vt 1.390120 0.999820
vt 1.390121 1.995140
vt 1.602337 1.995140
vt 1.602337 0.999820
vt 0.603115 1.000229
vt 0.603115 1.998304
vt 0.997988 1.998304
vt 0.997988 1.000229
vt 0.605169 1.004117
vt 0.998519 1.004117
vt 0.998519 1.996670
vt 0.605169 1.996670
vt 1.604412 0.999848
vt 1.389998 0.999848
vt 1.389999 1.995168
vt 1.604413 1.995168
vt 0.392568 1.000000
vt 0.001364 1.000000
vt 0.001365 1.999037
vt 0.392568 1.999037
vt 1.602094 0.999848
vt 1.389878 0.999848
vt 1.389878 1.995168
vt 1.602094 1.995168
vt 0.605169 1.004117
vt 0.998519 1.004117
vt 0.998519 1.996670
vt 0.605169 1.996670
vt 0.397090 1.432609
vt 0.594886 1.432609
vt 0.594886 1.000000
vt 0.397090 1.000000
vt 0.397090 1.432609
vt 0.594886 1.432609
vt 0.594886 1.000000
vt 0.397090 1.000000
vt 0.397090 1.432609
vt 0.594886 1.432609
vt 0.594886 1.000000
vt 0.397090 1.000000
vt 0.397090 1.432609
vt 0.594886 1.432609
vt 0.594886 1.000000
vt 0.397090 1.000000
vt 0.392450 1.000000
vt 0.392450 1.433403
vt 0.596079 1.433403
vt 0.596079 1.000000
vt 0.392450 1.000000
vt 0.392450 1.433403
vt 0.596079 1.433403
vt 0.596079 1.000000
vt 1.389914 1.000507
vt 1.603572 1.000197
vt 1.603572 1.995517
vt 1.389914 1.995827
vt -0.000592 1.001346
vt 0.394281 1.001346
vt 0.394282 1.999421
vt -0.000592 1.999421
vt 1.389996 1.000350
vt 1.602970 1.000507
vt 1.602971 1.995826
vt 1.389997 1.995670
vt 0.603115 1.000229
vt 0.997988 1.000229
vt 0.997988 1.998304
vt 0.603115 1.998304
vt 1.390043 1.000507
vt 1.604457 1.000506
vt 1.604457 1.995826
vt 1.390043 1.995826
vt -0.000592 1.001346
vt 0.394281 1.001346
vt 0.394282 1.999421
vt -0.000592 1.999421
vt 1.390120 0.999820
vt 1.602337 0.999820
vt 1.602337 1.995140
vt 1.390121 1.995140
vt 0.603115 1.000229
vt 0.997988 1.000229
vt 0.997988 1.998304
vt 0.603115 1.998304
vt 0.605169 1.004117
vt 0.605169 1.996670
vt 0.998519 1.996670
vt 0.998519 1.004117
vt 1.604412 0.999848
vt 1.604413 1.995168
vt 1.389999 1.995168
vt 1.389998 0.999848
vt 0.392568 1.000000
vt 0.392568 1.999037
vt 0.001365 1.999037
vt 0.001364 1.000000
vt 1.602094 0.999848
vt 1.602094 1.995168
vt 1.389878 1.995168
vt 1.389878 0.999848
vt 0.605169 1.004117
vt 0.605169 1.996670
vt 0.998519 1.996670
vt 0.998519 1.004117
vt 0.397090 1.432609
vt 0.397090 1.000000
vt 0.594886 1.000000
vt 0.594886 1.432609
vt 0.397090 1.432609
vt 0.397090 1.000000
vt 0.594886 1.000000
vt 0.594886 1.432609
vt 0.397090 1.432609
vt 0.397090 1.000000
vt 0.594886 1.000000
vt 0.594886 1.432609
vt 0.397090 1.432609
vt 0.397090 1.000000
vt 0.594886 1.000000
vt 0.594886 1.432609
vt 0.392450 1.000000
vt 0.596079 1.000000
vt 0.596079 1.433403
vt 0.392450 1.433403
vt 0.392450 1.000000
vt 0.596079 1.000000
vt 0.596079 1.433403
vt 0.392450 1.433403
vt -35.959194 0.991035
vt 36.959198 0.991035
vt 36.959198 2.008964
vt -35.959194 2.008964
vt -13.536716 0.991035
vt 14.536708 0.991035
vt 14.536711 2.008964
vt -13.536716 2.008964
vt -35.959194 0.991035
vt 36.959198 0.991035
vt 36.959198 2.008964
vt -35.959194 2.008964
vt -13.536716 0.991035
vt 14.536708 0.991035
vt 14.536708 2.008964
vt -13.536716 2.008964
vt 0.739986 1.100722
vt 0.739986 1.258656
vt 0.281936 1.258656
vt 0.281936 1.100722
vt 0.281936 1.273698
vt 0.275392 1.271683
vt 0.270602 1.266177
vt 0.268849 1.258656
vt 0.268849 1.100722
vt 0.270602 1.093201
vt 0.275392 1.087695
vt 0.281936 1.085680
vt 0.739986 1.085680
vt 0.746530 1.087695
vt 0.751320 1.093201
vt 0.753074 1.100722
vt 0.753074 1.258656
vt 0.751320 1.266177
vt 0.746530 1.271683
vt 0.739986 1.273698
vt 0.270602 1.281218
vt 0.281936 1.284709
vt 0.262305 1.271683
vt 0.259268 1.258656
vt 0.259268 1.100722
vt 0.262305 1.087695
vt 0.270602 1.078160
vt 0.281936 1.074669
vt 0.739986 1.074669
vt 0.751320 1.078160
vt 0.759617 1.087695
vt 0.762654 1.100722
vt 0.762654 1.258656
vt 0.759617 1.271683
vt 0.751320 1.281218
vt 0.739986 1.284709
vt 0.268849 1.284709
vt 0.281936 1.288739
vt 0.259268 1.273698
vt 0.255762 1.258656
vt 0.255762 1.100722
vt 0.259268 1.085680
vt 0.268849 1.074669
vt 0.281936 1.070639
vt 0.739986 1.070639
vt 0.753074 1.074669
vt 0.762654 1.085680
vt 0.766161 1.100722
vt 0.766161 1.258656
vt 0.762654 1.273698
vt 0.753074 1.284709
vt 0.739986 1.288739
vt 0.260504 1.070639
vt 0.260504 1.288739
vt 0.255762 1.288739
vt 0.255762 1.070639
vt 0.265246 1.070639
vt 0.265246 1.288739
vt 0.269989 1.070639
vt 0.269989 1.288739
vt 0.318086 1.070639
vt 0.318086 1.288739
vt 0.322829 1.070639
vt 0.322829 1.288739
vt 0.327571 1.070639
vt 0.327571 1.288739
vt 0.332313 1.070639
vt 0.332313 1.288739
vt 0.492638 1.070639
vt 0.492638 1.288739
vt 0.497381 1.070639
vt 0.497381 1.288739
vt 0.502123 1.070639
vt 0.502123 1.288739
vt 0.506865 1.070639
vt 0.506865 1.288739
vt 0.554963 1.070639
vt 0.554963 1.288739
vt 0.559705 1.070639
vt 0.559705 1.288739
vt 0.564448 1.070639
vt 0.564448 1.288739
vt 0.569190 1.070639
vt 0.569190 1.288739
vt 0.766161 1.070639
vt 0.766161 1.288739
vt 0.573577 1.916608
vt 0.354637 1.797250
vt 0.585530 1.912055
vt 0.594280 1.899617
vt 0.597483 1.882627
vt 0.597483 1.704229
vt 0.594280 1.687239
vt 0.585530 1.674801
vt 0.573578 1.670249
vt 0.155232 1.670249
vt 0.143280 1.674801
vt 0.134530 1.687239
vt 0.131327 1.704229
vt 0.131327 1.882627
vt 0.134530 1.899617
vt 0.143280 1.912055
vt 0.155232 1.916607
vt 0.739986 1.100722
vt 0.739986 1.258656
vt 0.281936 1.258656
vt 0.281936 1.100722
vt 0.281936 1.273698
vt 0.275392 1.271683
vt 0.270602 1.266177
vt 0.268849 1.258656
vt 0.268849 1.100722
vt 0.270602 1.093201
vt 0.275392 1.087695
vt 0.281936 1.085680
vt 0.739986 1.085680
vt 0.746530 1.087695
vt 0.751320 1.093201
vt 0.753074 1.100722
vt 0.753074 1.258656
vt 0.751320 1.266177
vt 0.746530 1.271683
vt 0.739986 1.273698
vt 0.270602 1.281218
vt 0.281936 1.284709
vt 0.262305 1.271683
vt 0.259268 1.258656
vt 0.259268 1.100722
vt 0.262305 1.087695
vt 0.270602 1.078160
vt 0.281936 1.074669
vt 0.739986 1.074669
vt 0.751320 1.078160
vt 0.759617 1.087695
vt 0.762654 1.100722
vt 0.762654 1.258656
vt 0.759617 1.271683
vt 0.751320 1.281218
vt 0.739986 1.284709
vt 0.268849 1.284709
vt 0.281936 1.288739
vt 0.259268 1.273698
vt 0.255762 1.258656
vt 0.255762 1.100722
vt 0.259268 1.085680
vt 0.268849 1.074669
vt 0.281936 1.070639
vt 0.739986 1.070639
vt 0.753074 1.074669
vt 0.762654 1.085680
vt 0.766161 1.100722
vt 0.766161 1.258656
vt 0.762654 1.273698
vt 0.753074 1.284709
vt 0.739986 1.288739
vt 0.260504 1.070639
vt 0.260504 1.288739
vt 0.255762 1.288739
vt 0.255762 1.070639
vt 0.265246 1.070639
vt 0.265246 1.288739
vt 0.269989 1.070639
vt 0.269989 1.288739
vt 0.318086 1.070639
vt 0.318086 1.288739
vt 0.322829 1.070639
vt 0.322829 1.288739
vt 0.327571 1.070639
vt 0.327571 1.288739
vt 0.332313 1.070639
vt 0.332313 1.288739
vt 0.492638 1.070639
vt 0.492638 1.288739
vt 0.497381 1.070639
vt 0.497381 1.288739
vt 0.502123 1.070639
vt 0.502123 1.288739
vt 0.506865 1.070639
vt 0.506865 1.288739
vt 0.554963 1.070639
vt 0.554963 1.288739
vt 0.559705 1.070639
vt 0.559705 1.288739
vt 0.564448 1.070639
vt 0.564448 1.288739
vt 0.569190 1.070639
vt 0.569190 1.288739
vt 0.766161 1.070639
vt 0.766161 1.288739
vt 0.573577 1.916608
vt 0.354637 1.797250
vt 0.585530 1.912055
vt 0.594280 1.899617
vt 0.597483 1.882627
vt 0.597483 1.704229
vt 0.594280 1.687239
vt 0.585530 1.674801
vt 0.573578 1.670249
vt 0.155232 1.670249
vt 0.143280 1.674801
vt 0.134530 1.687239
vt 0.131327 1.704229
vt 0.131327 1.882627
vt 0.134530 1.899617
vt 0.143280 1.912055
vt 0.155232 1.916607
vt 0.739986 1.100722
vt 0.739986 1.258656
vt 0.281936 1.258656
vt 0.281936 1.100722
vt 0.281936 1.273698
vt 0.275392 1.271683
vt 0.270602 1.266177
vt 0.268849 1.258656
vt 0.268849 1.100722
vt 0.270602 1.093201
vt 0.275392 1.087695
vt 0.281936 1.085680
vt 0.739986 1.085680
vt 0.746530 1.087695
vt 0.751320 1.093201
vt 0.753074 1.100722
vt 0.753074 1.258656
vt 0.751320 1.266177
vt 0.746530 1.271683
vt 0.739986 1.273698
vt 0.270602 1.281218
vt 0.281936 1.284709
vt 0.262305 1.271683
vt 0.259268 1.258656
vt 0.259268 1.100722
vt 0.262305 1.087695
vt 0.270602 1.078160
vt 0.281936 1.074669
vt 0.739986 1.074669
vt 0.751320 1.078160
vt 0.759617 1.087695
vt 0.762654 1.100722
vt 0.762654 1.258656
vt 0.759617 1.271683
vt 0.751320 1.281218
vt 0.739986 1.284709
vt 0.268849 1.284709
vt 0.281936 1.288739
vt 0.259268 1.273698
vt 0.255762 1.258656
vt 0.255762 1.100722
vt 0.259268 1.085680
vt 0.268849 1.074669
vt 0.281936 1.070639
vt 0.739986 1.070639
vt 0.753074 1.074669
vt 0.762654 1.085680
vt 0.766161 1.100722
vt 0.766161 1.258656
vt 0.762654 1.273698
vt 0.753074 1.284709
vt 0.739986 1.288739
vt 0.260504 1.070639
vt 0.260504 1.288739
vt 0.255762 1.288739
vt 0.255762 1.070639
vt 0.265246 1.070639
vt 0.265246 1.288739
vt 0.269989 1.070639
vt 0.269989 1.288739
vt 0.318086 1.070639
vt 0.318086 1.288739
vt 0.322829 1.070639
vt 0.322829 1.288739
vt 0.327571 1.070639
vt 0.327571 1.288739
vt 0.332313 1.070639
vt 0.332313 1.288739
vt 0.492638 1.070639
vt 0.492638 1.288739
vt 0.497381 1.070639
vt 0.497381 1.288739
vt 0.502123 1.070639
vt 0.502123 1.288739
vt 0.506865 1.070639
vt 0.506865 1.288739
vt 0.554963 1.070639
vt 0.554963 1.288739
vt 0.559705 1.070639
vt 0.559705 1.288739
vt 0.564448 1.070639
vt 0.564448 1.288739
vt 0.569190 1.070639
vt 0.569190 1.288739
vt 0.766161 1.070639
vt 0.766161 1.288739
vt 0.573577 1.916608
vt 0.354637 1.797250
vt 0.585530 1.912055
vt 0.594280 1.899617
vt 0.597483 1.882627
vt 0.597483 1.704229
vt 0.594280 1.687239
vt 0.585530 1.674801
vt 0.573578 1.670249
vt 0.155232 1.670249
vt 0.143280 1.674801
vt 0.134530 1.687239
vt 0.131327 1.704229
vt 0.131327 1.882627
vt 0.134530 1.899617
vt 0.143280 1.912055
vt 0.155232 1.916607
vt 0.739986 1.100722
vt 0.739986 1.258656
vt 0.281936 1.258656
vt 0.281936 1.100722
vt 0.281936 1.273698
vt 0.275392 1.271683
vt 0.270602 1.266177
vt 0.268849 1.258656
vt 0.268849 1.100722
vt 0.270602 1.093201
vt 0.275392 1.087695
vt 0.281936 1.085680
vt 0.739986 1.085680
vt 0.746530 1.087695
vt 0.751320 1.093201
vt 0.753074 1.100722
vt 0.753074 1.258656
vt 0.751320 1.266177
vt 0.746530 1.271683
vt 0.739986 1.273698
vt 0.270602 1.281218
vt 0.281936 1.284709
vt 0.262305 1.271683
vt 0.259268 1.258656
vt 0.259268 1.100722
vt 0.262305 1.087695
vt 0.270602 1.078160
vt 0.281936 1.074669
vt 0.739986 1.074669
vt 0.751320 1.078160
vt 0.759617 1.087695
vt 0.762654 1.100722
vt 0.762654 1.258656
vt 0.759617 1.271683
vt 0.751320 1.281218
vt 0.739986 1.284709
vt 0.268849 1.284709
vt 0.281936 1.288739
vt 0.259268 1.273698
vt 0.255762 1.258656
vt 0.255762 1.100722
vt 0.259268 1.085680
vt 0.268849 1.074669
vt 0.281936 1.070639
vt 0.739986 1.070639
vt 0.753074 1.074669
vt 0.762654 1.085680
vt 0.766161 1.100722
vt 0.766161 1.258656
vt 0.762654 1.273698
vt 0.753074 1.284709
vt 0.739986 1.288739
vt 0.260504 1.070639
vt 0.260504 1.288739
vt 0.255762 1.288739
vt 0.255762 1.070639
vt 0.265246 1.070639
vt 0.265246 1.288739
vt 0.269989 1.070639
vt 0.269989 1.288739
vt 0.318086 1.070639
vt 0.318086 1.288739
vt 0.322829 1.070639
vt 0.322829 1.288739
vt 0.327571 1.070639
vt 0.327571 1.288739
vt 0.332313 1.070639
vt 0.332313 1.288739
vt 0.492638 1.070639
vt 0.492638 1.288739
vt 0.497381 1.070639
vt 0.497381 1.288739
vt 0.502123 1.070639
vt 0.502123 1.288739
vt 0.506865 1.070639
vt 0.506865 1.288739
vt 0.554963 1.070639
vt 0.554963 1.288739
vt 0.559705 1.070639
vt 0.559705 1.288739
vt 0.564448 1.070639
vt 0.564448 1.288739
vt 0.569190 1.070639
vt 0.569190 1.288739
vt 0.766161 1.070639
vt 0.766161 1.288739
vt 0.573577 1.916608
vt 0.354637 1.797250
vt 0.585530 1.912055
vt 0.594280 1.899617
vt 0.597483 1.882627
vt 0.597483 1.704229
vt 0.594280 1.687239
vt 0.585530 1.674801
vt 0.573578 1.670249
vt 0.155232 1.670249
vt 0.143280 1.674801
vt 0.134530 1.687239
vt 0.131327 1.704229
vt 0.131327 1.882627
vt 0.134530 1.899617
vt 0.143280 1.912055
vt 0.155232 1.916607
vt -0.892076 1.825978
vt -0.997257 1.825978
vt -0.997257 1.012272
vt -0.892076 1.012272
vt 2.754132 1.825978
vt 2.754132 1.012272
vt 2.885097 1.825978
vt 2.885097 1.012272
vt -0.501035 1.801756
vt -0.995189 1.801756
vt -0.995189 1.002375
vt -0.501035 1.002375
vt 0.680092 1.801756
vt 0.219346 1.801756
vt 0.219346 1.002375
vt 0.680092 1.002375
vt 1.864350 1.801756
vt 1.391454 1.801756
vt 1.391454 1.002375
vt 1.864350 1.002375
vt 3.080529 1.801756
vt 2.583574 1.801756
vt 2.583574 1.002375
vt 3.080529 1.002375
vt 4.229297 1.801756
vt 3.799834 1.801756
vt 3.799834 1.002375
vt 4.229297 1.002375
vt -0.258581 1.801756
vt -0.394279 1.801756
vt -0.394279 1.002375
vt -0.258581 1.002375
vt 3.519405 1.801756
vt 3.519405 1.002375
vt 3.628387 1.801756
vt 3.628387 1.002375
vt -0.565726 1.801756
vt -0.995189 1.801756
vt -0.995189 1.002375
vt -0.565726 1.002375
vt 0.153578 1.801756
vt 0.153578 1.002375
vt 0.650534 1.801756
vt 0.650534 1.002375
vt 1.369759 1.801756
vt 1.369759 1.002375
vt 1.842654 1.801756
vt 1.842654 1.002375
vt 2.554016 1.801756
vt 2.554016 1.002375
vt 3.014762 1.801756
vt 3.014762 1.002375
vt 3.735143 1.801756
vt 3.735143 1.002375
vt 4.229297 1.801756
vt 4.229297 1.002375
vt -0.892076 1.973285
vt -0.997257 1.973285
vt 2.885097 1.973285
vt 2.754132 1.973285
vt -0.501035 1.946469
vt -0.995189 1.946469
vt 0.219346 1.946469
vt 0.680092 1.946469
vt 1.391454 1.946469
vt 1.864350 1.946469
vt 2.583574 1.946469
vt 3.080529 1.946469
vt 3.799834 1.946469
vt 4.229297 1.946469
vt -0.258581 1.946469
vt -0.394279 1.946469
vt -0.394279 1.801756
vt 3.519405 1.946469
vt 3.628387 1.946469
vt -0.565726 1.946469
vt -0.995189 1.946469
vt -0.995189 1.801756
vt 0.153578 1.946469
vt 0.650534 1.946469
vt 1.369759 1.946469
vt 1.842654 1.946469
vt 2.554016 1.946469
vt 3.014762 1.946469
vt 3.735143 1.946469
vt 4.229297 1.946469
vt 0.363866 -10.851586
vt 0.363865 -17.112432
vt 0.636126 -17.112432
vt 0.636128 -10.851586
vt 0.363869 -0.664753
vt 0.363867 -6.847228
vt 0.636128 -6.847228
vt 0.636130 -0.664753
vt 0.363871 9.696001
vt 0.363870 3.445194
vt 0.636131 3.445194
vt 0.636132 9.695999
vt 0.363874 20.266550
vt 0.363872 14.015054
vt 0.636134 14.015054
vt 0.636135 20.266550
vt 0.826742 -3.629712
vt 0.929919 -3.629712
vt 0.929111 1.939424
vt 0.821472 1.939424
vt 1.044090 -3.629712
vt 1.047863 1.939424
vt 1.089377 -3.629712
vt 1.096261 1.939424
vt 0.975779 -3.629712
vt 0.977297 1.939424
vt 0.821038 -3.629712
vt 0.814063 1.939424
vt 0.928764 2.166292
vt 0.819393 2.139888
vt 1.049412 2.151388
vt 1.098705 2.110078
vt 0.977785 2.083674
vt 0.811693 2.098578
vt 0.925695 2.554397
vt 0.803227 2.450266
vt 1.062198 2.495616
vt 1.114349 2.332703
vt 0.980203 2.228572
vt 0.797947 2.287353
vt 0.917080 2.816235
vt 0.758667 2.665992
vt 1.097680 2.731424
vt 1.158137 2.496373
vt 0.987448 2.346131
vt 0.758772 2.430941
vt -1.027065 4.119308
vt -0.923227 3.969066
vt 4.927080 2.816235
vt 1.097680 2.731424
vt 2.849124 4.034498
vt 2.982935 4.119308
vt 2.840074 3.799447
vt 2.849124 4.034498
vt 2.939503 3.649204
vt 2.840074 3.799447
vt -3.022552 2.346131
vt -0.955197 3.734014
vt -1.070496 3.649204
vt -1.160876 4.034498
vt -1.169926 3.799447
vt 0.826742 -3.629712
vt 0.929919 -3.629712
vt 0.929111 1.939424
vt 0.821472 1.939424
vt 1.044090 -3.629712
vt 1.047863 1.939424
vt 1.089377 -3.629712
vt 1.096261 1.939424
vt 0.975779 -3.629712
vt 0.977297 1.939424
vt 0.821038 -3.629712
vt 0.814063 1.939424
vt 0.928764 2.166292
vt 0.819393 2.139888
vt 1.049412 2.151388
vt 1.098705 2.110078
vt 0.977785 2.083674
vt 0.811693 2.098578
vt 0.925695 2.554397
vt 0.803227 2.450266
vt 1.062198 2.495616
vt 1.114349 2.332703
vt 0.980203 2.228572
vt 0.797947 2.287353
vt 0.917080 2.816235
vt 0.758667 2.665992
vt 1.097680 2.731424
vt 1.158137 2.496373
vt 0.987448 2.346131
vt 0.758772 2.430941
vt -1.027065 4.119308
vt -0.923227 3.969066
vt 4.927080 2.816235
vt 1.097680 2.731424
vt 2.849124 4.034498
vt 2.982935 4.119308
vt 2.840074 3.799447
vt 2.849124 4.034498
vt 2.939503 3.649204
vt 2.840074 3.799447
vt -3.022552 2.346131
vt -0.955197 3.734014
vt -1.070496 3.649204
vt -1.160876 4.034498
vt -1.169926 3.799447
vt 0.826742 -3.629712
vt 0.929919 -3.629712
vt 0.929111 1.939424
vt 0.821472 1.939424
vt 1.044090 -3.629712
vt 1.047863 1.939424
vt 1.089377 -3.629712
vt 1.096261 1.939424
vt 0.975779 -3.629712
vt 0.977297 1.939424
vt 0.821038 -3.629712
vt 0.814063 1.939424
vt 0.928764 2.166292
vt 0.819393 2.139888
vt 1.049412 2.151388
vt 1.098705 2.110078
vt 0.977785 2.083674
vt 0.811693 2.098578
vt 0.925695 2.554397
vt 0.803227 2.450266
vt 1.062198 2.495616
vt 1.114349 2.332703
vt 0.980203 2.228572
vt 0.797947 2.287353
vt 0.917080 2.816235
vt 0.758667 2.665992
vt 1.097680 2.731424
vt 1.158137 2.496373
vt 0.987448 2.346131
vt 0.758772 2.430941
vt -1.027065 4.119308
vt -0.923227 3.969066
vt 4.927080 2.816235
vt 1.097680 2.731424
vt 2.849124 4.034498
vt 2.982935 4.119308
vt 2.840074 3.799447
vt 2.849124 4.034498
vt 2.939503 3.649204
vt 2.840074 3.799447
vt -3.022552 2.346131
vt -0.955197 3.734014
vt -1.070496 3.649204
vt -1.160876 4.034498
vt -1.169926 3.799447
vt 0.826742 -3.629712
vt 0.929919 -3.629712
vt 0.929111 1.939424
vt 0.821472 1.939424
vt 1.044090 -3.629712
vt 1.047863 1.939424
vt 1.089377 -3.629712
vt 1.096261 1.939424
vt 0.975779 -3.629712
vt 0.977297 1.939424
vt 0.821038 -3.629712
vt 0.814063 1.939424
vt 0.928764 2.166292
vt 0.819393 2.139888
vt 1.049412 2.151388
vt 1.098705 2.110078
vt 0.977785 2.083674
vt 0.811693 2.098578
vt 0.925695 2.554397
vt 0.803227 2.450266
vt 1.062198 2.495616
vt 1.114349 2.332703
vt 0.980203 2.228572
vt 0.797947 2.287353
vt 0.917080 2.816235
vt 0.758667 2.665992
vt 1.097680 2.731424
vt 1.158137 2.496373
vt 0.987448 2.346131
vt 0.758772 2.430941
vt -1.027065 4.119308
vt -0.923227 3.969066
vt 4.927080 2.816235
vt 1.097680 2.731424
vt 2.849124 4.034498
vt 2.982935 4.119308
vt 2.840074 3.799447
vt 2.849124 4.034498
vt 2.939503 3.649204
vt 2.840074 3.799447
vt -3.022552 2.346131
vt -0.955197 3.734014
vt -1.070496 3.649204
vt -1.160876 4.034498
vt -1.169926 3.799447
vt 2.007448 1.489488
vt 1.001164 1.489488
vt 1.001164 1.339182
vt 2.007448 1.339182
vt 2.007448 1.489488
vt 1.001164 1.489488
vt 1.001164 1.339182
vt 2.007448 1.339182
vt 2.007448 1.489488
vt 1.001164 1.489488
vt 1.001164 1.339182
vt 2.007448 1.339182
vt 2.007448 1.489488
vt 1.001164 1.489488
vt 1.001164 1.339182
vt 2.007448 1.339182
vt 2.007448 1.489488
vt 1.001164 1.489488
vt 1.001164 1.339182
vt 2.007448 1.339182
vt 2.007448 1.489488
vt 1.001164 1.489488
vt 1.001164 1.339182
vt 2.007448 1.339182
vt 2.007448 1.489488
vt 1.001164 1.489488
vt 1.001164 1.339182
vt 2.007448 1.339182
vt 2.007448 1.489488
vt 1.001164 1.489488
vt 1.001164 1.339182
vt 2.007448 1.339182
vt 2.007448 1.489488
vt 1.001164 1.489488
vt 1.001164 1.339182
vt 2.007448 1.339182
vt 2.007448 1.489488
vt 1.001164 1.489488
vt 1.001164 1.339182
vt 2.007448 1.339182
vt 2.007448 1.489488
vt 1.001164 1.489488
vt 1.001164 1.339182
vt 2.007448 1.339182
vt 2.007448 1.489488
vt 1.001164 1.489488
vt 1.001164 1.339182
vt 2.007448 1.339182
vt 2.001802 1.000000
vt 2.001802 2.000000
vt -0.000000 2.000000
vt 0.000000 1.000000
vt 2.001802 1.000000
vt 2.001802 2.000000
vt -0.000000 2.000000
vt 0.000000 1.000000
vt 2.001802 1.000000
vt 2.001802 2.000000
vt -0.000000 2.000000
vt 0.000000 1.000000
vt 2.001802 1.000000
vt 2.001802 2.000000
vt -0.000000 2.000000
vt 0.000000 1.000000
vt 2.001802 1.000000
vt 2.001802 2.000000
vt -0.000000 2.000000
vt 0.000000 1.000000
vt 2.001802 1.000000
vt 2.001802 2.000000
vt -0.000000 2.000000
vt 0.000000 1.000000
vt 1.000000 1.000000
vt 1.000000 2.748395
vt -0.001109 2.748395
vt -0.001109 1.000000
vt 0.000500 1.000500
vt 1.004852 1.000500
vt 1.004852 2.245190
vt 0.000500 2.245190
vt -0.000000 1.004117
vt 2.000320 1.004117
vt 2.000320 2.000000
vt 0.000000 2.000000
vt -0.003167 1.000000
vt 1.000000 1.000000
vt 1.000000 1.069028
vt -0.003166 1.069028
vt -0.003166 1.069028
vt -0.003167 1.000000
vt 1.000000 1.000000
vt 1.000000 1.069028
vt 0.000000 1.000000
vt 1.000000 1.000000
vt 1.000000 2.000000
vt 0.000000 2.000000
vt -0.003166 1.069028
vt -0.003167 1.000000
vt 1.000000 1.000000
vt 1.000000 1.069028
vt -0.003166 1.069028
vt -0.003167 1.000000
vt 1.000000 1.000000
vt 1.000000 1.069028
vt 0.243583 1.539142
vt 0.750693 1.539142
vt 0.750693 1.000000
vt 0.243583 1.000000
vt 0.243583 1.539142
vt 0.750693 1.539142
vt 0.750693 1.000000
vt 0.243583 1.000000
vt 0.243583 1.539142
vt 0.750693 1.539142
vt 0.750693 1.000000
vt 0.243583 1.000000
vt 0.243583 1.539142
vt 0.750693 1.539142
vt 0.750693 1.000000
vt 0.243583 1.000000
vt 0.750693 1.539142
vt 0.750693 1.000000
vt 0.243583 1.000000
vt 0.243583 1.539142
vt 0.750693 1.539142
vt 0.750693 1.000000
vt 0.243583 1.000000
vt 0.243583 1.539142
vt 0.750693 1.539142
vt 0.750693 1.000000
vt 0.243583 1.000000
vt 0.243583 1.539142
vt 0.243583 1.539142
vt 0.243583 1.000000
vt 0.750693 1.000000
vt 0.750693 1.539142
vt 0.243583 1.539142
vt 0.243583 1.000000
vt 0.750693 1.000000
vt 0.750693 1.539142
vt 0.243583 1.539142
vt 0.243583 1.000000
vt 0.750693 1.000000
vt 0.750693 1.539142
vt 0.243583 1.539142
vt 0.243583 1.000000
vt 0.750693 1.000000
vt 0.750693 1.539142
vt 0.750693 1.539142
vt 0.243583 1.539142
vt 0.243583 1.000000
vt 0.750693 1.000000
vt 0.750693 1.539142
vt 0.243583 1.539142
vt 0.243583 1.000000
vt 0.750693 1.000000
vt 0.750693 1.539142
vt 0.243583 1.539142
vt 0.243583 1.000000
vt 0.750693 1.000000
vt -0.000548 1.539229
vt 0.220787 1.539229
vt 0.422311 1.934308
vt -0.000548 1.998573
vt 0.750790 1.539229
vt 0.582156 1.934308
vt 0.999182 1.539229
vt 0.999182 1.998573
vt 0.582156 1.998328
vt 0.422311 1.998328
vt 2.000732 1.187303
vt 2.000732 2.003166
vt -0.009500 2.003167
vt -0.009500 1.187303
vt 2.000732 1.187303
vt 2.000732 2.003166
vt -0.009500 2.003167
vt -0.009500 1.187303
vt 2.000732 1.187303
vt 2.000732 2.003166
vt -0.009500 2.003167
vt -0.009500 1.187303
vt 2.000732 1.187303
vt 2.000732 2.003166
vt -0.009500 2.003167
vt -0.009500 1.187303
vt 2.000732 1.187303
vt 2.000732 2.003166
vt -0.009500 2.003167
vt -0.009500 1.187303
vt 2.000732 1.187303
vt 2.000732 2.003166
vt -0.009500 2.003167
vt -0.009500 1.187303
vt 2.000732 1.187303
vt 2.000732 2.003166
vt -0.009500 2.003167
vt -0.009500 1.187303
vt 2.000732 1.187303
vt 2.000732 2.003166
vt -0.009500 2.003167
vt -0.009500 1.187303
vt 2.000732 1.187303
vt 2.000732 2.003166
vt -0.009500 2.003167
vt -0.009500 1.187303
vt 2.000732 1.187303
vt 2.000732 2.003166
vt -0.009500 2.003167
vt -0.009500 1.187303
vt 2.000732 1.187303
vt 2.000732 2.003166
vt -0.009500 2.003167
vt -0.009500 1.187303
vt 2.000732 1.187303
vt 2.000732 2.003166
vt -0.009500 2.003167
vt -0.009500 1.187303
vt 2.000732 1.187303
vt 2.000732 2.003166
vt -0.009500 2.003167
vt -0.009500 1.187303
vt 2.000732 1.187303
vt 2.000732 2.003166
vt -0.009500 2.003167
vt -0.009500 1.187303
vt 2.000732 1.187303
vt 2.000732 2.003166
vt -0.009500 2.003167
vt -0.009500 1.187303
vt 2.000732 1.187303
vt 2.000732 2.003166
vt -0.009500 2.003167
vt -0.009500 1.187303
vt 2.000732 1.187303
vt 2.000732 2.003166
vt -0.009500 2.003167
vt -0.009500 1.187303
vt 2.000732 1.187303
vt 2.000732 2.003166
vt -0.009500 2.003167
vt -0.009500 1.187303
vt -5.031443 1.220043
vt 5.957703 1.220043
vt 5.957703 1.429374
vt -5.031443 1.429374
vt -4.953733 1.220043
vt 6.035411 1.220043
vt 6.035411 1.429374
vt -4.953733 1.429374
vt -5.031441 1.220043
vt 5.957703 1.220043
vt 5.957703 1.429374
vt -5.031441 1.429374
vt -4.953734 1.220043
vt 6.035411 1.220043
vt 6.035411 1.429374
vt -4.953734 1.429374
vt -5.031441 1.220043
vt 5.957704 1.220043
vt 5.957704 1.429374
vt -5.031441 1.429374
vt -4.953735 1.220043
vt 6.035409 1.220043
vt 6.035409 1.429374
vt -4.953735 1.429374
vt -5.031440 1.220043
vt 5.957705 1.220043
vt 5.957705 1.429374
vt -5.031440 1.429374
vt -4.953735 1.220043
vt 6.035409 1.220043
vt 6.035409 1.429374
vt -4.953735 1.429374
vt 5.957703 1.819918
vt -5.031443 1.819918
vt -3.563575 1.819918
vt -5.658967 1.819918
vt -5.658967 1.429374
vt -3.563575 1.429374
vt 6.035411 1.819918
vt -4.953733 1.819918
vt 6.662934 1.819918
vt 4.567541 1.819918
vt 4.567541 1.429374
vt 6.662934 1.429374
vt 5.957703 1.819918
vt -5.031441 1.819918
vt -0.154226 1.819918
vt -2.223388 1.819918
vt -2.223388 1.429374
vt -0.154226 1.429374
vt 6.035411 1.819918
vt -4.953734 1.819918
vt 3.227355 1.819918
vt 1.158192 1.819918
vt 1.158192 1.429374
vt 3.227355 1.429374
vt 5.957704 1.819918
vt -5.031441 1.819918
vt 3.313331 1.819918
vt 1.221299 1.819918
vt 1.221299 1.429374
vt 3.313331 1.429374
vt 6.035409 1.819918
vt -4.953735 1.819918
vt -0.217333 1.819918
vt -2.309364 1.819918
vt -2.309364 1.429374
vt -0.217333 1.429374
vt 5.957705 1.819918
vt -5.031440 1.819918
vt 6.851103 1.819918
vt 4.758841 1.819918
vt 4.758841 1.429374
vt 6.851103 1.429374
vt 6.035409 1.819918
vt -4.953735 1.819918
vt -3.754874 1.819918
vt -5.847137 1.819918
vt -5.847137 1.429374
vt -3.754874 1.429374
vt -0.994387 1.201804
vt 6.410728 1.201804
vt 6.410730 2.009009
vt -0.994386 2.009009
vt -6.782332 1.220043
vt -6.782332 1.429374
vt -7.096329 1.429374
vt -7.096329 1.220043
vt -5.009357 1.635734
vt 5.979788 1.635738
vt 5.979788 1.949734
vt -5.009357 1.949732
vt 7.786298 1.429374
vt 7.786298 1.220043
vt 8.100296 1.220043
vt 8.100296 1.429374
vt -0.990729 1.193478
vt 1.999736 1.193478
vt 1.999736 1.597806
vt -0.990729 1.597806
vt -0.997816 2.004437
vt 2.001212 2.004436
vt 2.001212 1.596578
vt -0.997816 1.596578
vt -0.990729 1.193478
vt 1.999736 1.193478
vt 1.999736 1.597806
vt -0.990729 1.597806
vt -0.997816 2.004437
vt 2.001212 2.004436
vt 2.001212 1.596578
vt -0.997816 1.596578
vt -0.990729 1.193478
vt 1.999736 1.193478
vt 1.999736 1.597806
vt -0.990729 1.597806
vt -0.997816 2.004437
vt 2.001212 2.004436
vt 2.001212 1.596578
vt -0.997816 1.596578
vt -0.990729 1.193478
vt 1.999736 1.193478
vt 1.999736 1.597806
vt -0.990729 1.597806
vt -0.997816 2.004437
vt 2.001212 2.004436
vt 2.001212 1.596578
vt -0.997816 1.596578
vt -0.990729 1.193478
vt 1.999736 1.193478
vt 1.999736 1.597806
vt -0.990729 1.597806
vt -0.997816 2.004437
vt 2.001212 2.004436
vt 2.001212 1.596578
vt -0.997816 1.596578
vt -0.990729 1.193478
vt 1.999736 1.193478
vt 1.999736 1.597806
vt -0.990729 1.597806
vt 0.000000 1.156263
vt 1.996340 1.156263
vt 1.996340 1.271345
vt 0.000000 1.271345
vt 0.000000 1.156263
vt 1.996340 1.156263
vt 1.996340 1.271345
vt 0.000000 1.271345
vt 0.000000 1.156263
vt 1.996340 1.156263
vt 1.996340 1.271345
vt 0.000000 1.271345
vt 0.000000 1.156263
vt 1.996340 1.156263
vt 1.996340 1.271345
vt 0.000000 1.271345
vt -0.973974 1.862416
vt 1.996204 1.862416
vt 1.996204 2.096327
vt -0.973974 2.096327
vt -0.973974 1.862416
vt 1.996204 1.862416
vt 1.996204 2.096327
vt -0.973974 2.096327
vt -0.973974 1.862416
vt 1.996204 1.862416
vt 1.996204 2.096327
vt -0.973974 2.096327
vt -0.973974 1.862416
vt 1.996204 1.862416
vt 1.996204 2.096327
vt -0.973974 2.096327
vt 2.000068 2.098056
vt -0.803169 2.098057
vt -0.803170 1.597031
vt 2.000068 1.597030
vt 1.997109 2.010551
vt -0.804920 2.010551
vt -0.804920 1.235145
vt 1.997109 1.235145
vt 2.000068 2.098056
vt -0.803169 2.098057
vt -0.803170 1.597031
vt 2.000068 1.597030
vt 1.997109 2.010551
vt -0.804920 2.010551
vt -0.804920 1.235145
vt 1.997109 1.235145
vt 2.000068 2.098056
vt -0.803169 2.098057
vt -0.803170 1.597031
vt 2.000068 1.597030
vt 1.997109 2.010551
vt -0.804920 2.010551
vt -0.804920 1.235145
vt 1.997109 1.235145
vt 2.000068 2.098056
vt -0.803169 2.098057
vt -0.803170 1.597031
vt 2.000068 1.597030
vt 1.000000 2.000000
vt 0.000000 2.000000
vt 0.000000 1.000000
vt 1.000000 1.000000
vt 1.000000 2.000000
vt 0.000000 2.000000
vt 0.000000 1.000000
vt 1.000000 1.000000
vt 1.000000 2.000000
vt 0.000000 2.000000
vt 0.000000 1.000000
vt 1.000000 1.000000
vt 1.000000 2.000000
vt 0.000000 2.000000
vt 0.000000 1.000000
vt 1.000000 1.000000
vt 0.000000 1.000000
vt 1.000000 1.000000
vt 1.000000 2.000000
vt 0.000000 2.000000
vt 0.861774 1.000000
vt 1.000000 1.000000
vt 1.000000 1.140751
vt 0.861774 1.140751
vt 0.866180 1.000000
vt 0.997442 1.000000
vt 0.997442 1.140745
vt 0.866180 1.140745
vt 0.866180 1.000000
vt 0.997442 1.000000
vt 0.997442 1.140745
vt 0.866180 1.140745
vt 0.866180 1.000000
vt 0.997442 1.000000
vt 0.997442 1.140745
vt 0.866180 1.140745
vt 0.866180 1.000000
vt 0.997442 1.000000
vt 0.997442 1.140745
vt 0.866180 1.140745
vt 0.861774 1.000000
vt 1.000000 1.000000
vt 1.000000 1.140751
vt 0.861774 1.140751
vt 0.866180 1.000000
vt 0.997442 1.000000
vt 0.997442 1.140745
vt 0.866180 1.140745
vt 0.866180 1.000000
vt 0.997442 1.000000
vt 0.997442 1.140745
vt 0.866180 1.140745
vt 0.866180 1.000000
vt 0.997442 1.000000
vt 0.997442 1.140745
vt 0.866180 1.140745
vt 0.866180 1.000000
vt 0.997442 1.000000
vt 0.997442 1.140745
vt 0.866180 1.140745
vt 0.861774 1.000000
vt 1.000000 1.000000
vt 1.000000 1.140751
vt 0.861774 1.140751
vt 0.866180 1.000000
vt 0.997442 1.000000
vt 0.997442 1.140745
vt 0.866180 1.140745
vt 0.866180 1.000000
vt 0.997442 1.000000
vt 0.997442 1.140745
vt 0.866180 1.140745
vt 0.866180 1.000000
vt 0.997442 1.000000
vt 0.997442 1.140745
vt 0.866180 1.140745
vt 0.866180 1.000000
vt 0.997442 1.000000
vt 0.997442 1.140745
vt 0.866180 1.140745
vt 0.861774 1.000000
vt 1.000000 1.000000
vt 1.000000 1.140751
vt 0.861774 1.140751
vt 0.866180 1.000000
vt 0.997442 1.000000
vt 0.997442 1.140745
vt 0.866180 1.140745
vt 0.866180 1.000000
vt 0.997442 1.000000
vt 0.997442 1.140745
vt 0.866180 1.140745
vt 0.866180 1.000000
vt 0.997442 1.000000
vt 0.997442 1.140745
vt 0.866180 1.140745
vt 0.866180 1.000000
vt 0.997442 1.000000
vt 0.997442 1.140745
vt 0.866180 1.140745
vt 0.861774 1.000000
vt 1.000000 1.000000
vt 1.000000 1.140751
vt 0.861774 1.140751
vt 0.866180 1.000000
vt 0.997442 1.000000
vt 0.997442 1.140745
vt 0.866180 1.140745
vt 0.866180 1.000000
vt 0.997442 1.000000
vt 0.997442 1.140745
vt 0.866180 1.140745
vt 0.866180 1.000000
vt 0.997442 1.000000
vt 0.997442 1.140745
vt 0.866180 1.140745
vt 0.866180 1.000000
vt 0.997442 1.000000
vt 0.997442 1.140745
vt 0.866180 1.140745
vt 0.861774 1.000000
vt 1.000000 1.000000
vt 1.000000 1.140751
vt 0.861774 1.140751
vt 0.866180 1.000000
vt 0.997442 1.000000
vt 0.997442 1.140745
vt 0.866180 1.140745
vt 0.866180 1.000000
vt 0.997442 1.000000
vt 0.997442 1.140745
vt 0.866180 1.140745
vt 0.866180 1.000000
vt 0.997442 1.000000
vt 0.997442 1.140745
vt 0.866180 1.140745
vt 0.866180 1.000000
vt 0.997442 1.000000
vt 0.997442 1.140745
vt 0.866180 1.140745
vt 0.861774 1.000000
vt 1.000000 1.000000
vt 1.000000 1.140751
vt 0.861774 1.140751
vt 0.866180 1.000000
vt 0.997442 1.000000
vt 0.997442 1.140745
vt 0.866180 1.140745
vt 0.866180 1.000000
vt 0.997442 1.000000
vt 0.997442 1.140745
vt 0.866180 1.140745
vt 0.866180 1.000000
vt 0.997442 1.000000
vt 0.997442 1.140745
vt 0.866180 1.140745
vt 0.866180 1.000000
vt 0.997442 1.000000
vt 0.997442 1.140745
vt 0.866180 1.140745
vt 0.861774 1.000000
vt 1.000000 1.000000
vt 1.000000 1.140751
vt 0.861774 1.140751
vt 0.866180 1.000000
vt 0.997442 1.000000
vt 0.997442 1.140745
vt 0.866180 1.140745
vt 0.866180 1.000000
vt 0.997442 1.000000
vt 0.997442 1.140745
vt 0.866180 1.140745
vt 0.866180 1.000000
vt 0.997442 1.000000
vt 0.997442 1.140745
vt 0.866180 1.140745
vt 0.866180 1.000000
vt 0.997442 1.000000
vt 0.997442 1.140745
vt 0.866180 1.140745
vt -0.000000 1.974558
vt 0.997977 1.974558
vt 0.997977 2.000000
vt -0.000000 2.000000
vt 0.000000 1.000000
vt 1.000000 1.000000
vt 1.000000 2.000000
vt 0.000000 2.000000
vt -0.029935 0.996833
vt 0.024696 0.996833
vt 0.024696 2.000000
vt -0.029935 2.000000
vt 0.000000 1.000000
vt 1.000000 1.000000
vt 1.000000 2.000000
vt 0.000000 2.000000
vt -0.029935 0.996833
vt 0.024696 0.996833
vt 0.024696 2.000000
vt -0.029935 2.000000
vt -0.000000 1.974558
vt 0.997977 1.974558
vt 0.997977 2.000000
vt -0.000000 2.000000
vt 0.000000 1.000000
vt 1.000000 1.000000
vt 1.000000 2.000000
vt 0.000000 2.000000
vt -0.029935 0.996833
vt 0.024696 0.996833
vt 0.024696 2.000000
vt -0.029935 2.000000
vt 0.000000 1.000000
vt 1.000000 1.000000
vt 1.000000 2.000000
vt 0.000000 2.000000
vt -0.029935 0.996833
vt 0.024696 0.996833
vt 0.024696 2.000000
vt -0.029935 2.000000
vt -0.000000 1.974558
vt 0.997977 1.974558
vt 0.997977 2.000000
vt -0.000000 2.000000
vt 0.000000 1.000000
vt 1.000000 1.000000
vt 1.000000 2.000000
vt 0.000000 2.000000
vt -0.029935 0.996833
vt 0.024696 0.996833
vt 0.024696 2.000000
vt -0.029935 2.000000
vt 0.000000 1.000000
vt 1.000000 1.000000
vt 1.000000 2.000000
vt 0.000000 2.000000
vt -0.029935 0.996833
vt 0.024696 0.996833
vt 0.024696 2.000000
vt -0.029935 2.000000
vt 0.861774 1.000000
vt 1.000000 1.000000
vt 1.000000 1.140751
vt 0.861774 1.140751
vt 0.866180 1.000000
vt 0.997442 1.000000
vt 0.997442 1.140745
vt 0.866180 1.140745
vt 0.866180 1.000000
vt 0.997442 1.000000
vt 0.997442 1.140745
vt 0.866180 1.140745
vt 0.866180 1.000000
vt 0.997442 1.000000
vt 0.997442 1.140745
vt 0.866180 1.140745
vt 0.866180 1.000000
vt 0.997442 1.000000
vt 0.997442 1.140745
vt 0.866180 1.140745
vt -0.000000 1.974558
vt 0.997977 1.974558
vt 0.997977 2.000000
vt -0.000000 2.000000
vt 0.000000 1.000000
vt 1.000000 1.000000
vt 1.000000 2.000000
vt 0.000000 2.000000
vt -0.029935 0.996833
vt 0.024696 0.996833
vt 0.024696 2.000000
vt -0.029935 2.000000
vt 0.000000 1.000000
vt 1.000000 1.000000
vt 1.000000 2.000000
vt 0.000000 2.000000
vt -0.029935 0.996833
vt 0.024696 0.996833
vt 0.024696 2.000000
vt -0.029935 2.000000
vt 0.861774 1.000000
vt 1.000000 1.000000
vt 1.000000 1.140751
vt 0.861774 1.140751
vt 0.866180 1.000000
vt 0.997442 1.000000
vt 0.997442 1.140745
vt 0.866180 1.140745
vt 0.866180 1.000000
vt 0.997442 1.000000
vt 0.997442 1.140745
vt 0.866180 1.140745
vt 0.866180 1.000000
vt 0.997442 1.000000
vt 0.997442 1.140745
vt 0.866180 1.140745
vt 0.866180 1.000000
vt 0.997442 1.000000
vt 0.997442 1.140745
vt 0.866180 1.140745
vt -0.000000 1.974558
vt 0.997977 1.974558
vt 0.997977 2.000000
vt -0.000000 2.000000
vt 0.000000 1.000000
vt 1.000000 1.000000
vt 1.000000 2.000000
vt 0.000000 2.000000
vt -0.029935 0.996833
vt 0.024696 0.996833
vt 0.024696 2.000000
vt -0.029935 2.000000
vt 0.000000 1.000000
vt 1.000000 1.000000
vt 1.000000 2.000000
vt 0.000000 2.000000
vt -0.029935 0.996833
vt 0.024696 0.996833
vt 0.024696 2.000000
vt -0.029935 2.000000
vt 0.861774 1.000000
vt 1.000000 1.000000
vt 1.000000 1.140751
vt 0.861774 1.140751
vt 0.866180 1.000000
vt 0.997442 1.000000
vt 0.997442 1.140745
vt 0.866180 1.140745
vt 0.866180 1.000000
vt 0.997442 1.000000
vt 0.997442 1.140745
vt 0.866180 1.140745
vt 0.866180 1.000000
vt 0.997442 1.000000
vt 0.997442 1.140745
vt 0.866180 1.140745
vt 0.866180 1.000000
vt 0.997442 1.000000
vt 0.997442 1.140745
vt 0.866180 1.140745
vt -0.000000 1.974558
vt 0.997977 1.974558
vt 0.997977 2.000000
vt -0.000000 2.000000
vt 0.000000 1.000000
vt 1.000000 1.000000
vt 1.000000 2.000000
vt 0.000000 2.000000
vt -0.029935 0.996833
vt 0.024696 0.996833
vt 0.024696 2.000000
vt -0.029935 2.000000
vt 0.000000 1.000000
vt 1.000000 1.000000
vt 1.000000 2.000000
vt 0.000000 2.000000
vt -0.029935 0.996833
vt 0.024696 0.996833
vt 0.024696 2.000000
vt -0.029935 2.000000
vt 0.861774 1.000000
vt 1.000000 1.000000
vt 1.000000 1.140751
vt 0.861774 1.140751
vt 0.866180 1.000000
vt 0.997442 1.000000
vt 0.997442 1.140745
vt 0.866180 1.140745
vt 0.866180 1.000000
vt 0.997442 1.000000
vt 0.997442 1.140745
vt 0.866180 1.140745
vt 0.866180 1.000000
vt 0.997442 1.000000
vt 0.997442 1.140745
vt 0.866180 1.140745
vt 0.866180 1.000000
vt 0.997442 1.000000
vt 0.997442 1.140745
vt 0.866180 1.140745
vt -0.000000 1.974558
vt 0.997977 1.974558
vt 0.997977 2.000000
vt -0.000000 2.000000
vt 0.000000 1.000000
vt 1.000000 1.000000
vt 1.000000 2.000000
vt 0.000000 2.000000
vt -0.029935 0.996833
vt 0.024696 0.996833
vt 0.024696 2.000000
vt -0.029935 2.000000
vt 0.000000 1.000000
vt 1.000000 1.000000
vt 1.000000 2.000000
vt 0.000000 2.000000
vt -0.029935 0.996833
vt 0.024696 0.996833
vt 0.024696 2.000000
vt -0.029935 2.000000
vt 0.861774 1.000000
vt 1.000000 1.000000
vt 1.000000 1.140751
vt 0.861774 1.140751
vt 0.866180 1.000000
vt 0.997442 1.000000
vt 0.997442 1.140745
vt 0.866180 1.140745
vt 0.866180 1.000000
vt 0.997442 1.000000
vt 0.997442 1.140745
vt 0.866180 1.140745
vt 0.866180 1.000000
vt 0.997442 1.000000
vt 0.997442 1.140745
vt 0.866180 1.140745
vt 0.866180 1.000000
vt 0.997442 1.000000
vt 0.997442 1.140745
vt 0.866180 1.140745
vt -0.000000 1.974558
vt 0.997977 1.974558
vt 0.997977 2.000000
vt -0.000000 2.000000
vt 0.000000 1.000000
vt 1.000000 1.000000
vt 1.000000 2.000000
vt 0.000000 2.000000
vt -0.029935 0.996833
vt 0.024696 0.996833
vt 0.024696 2.000000
vt -0.029935 2.000000
vt 0.000000 1.000000
vt 1.000000 1.000000
vt 1.000000 2.000000
vt 0.000000 2.000000
vt -0.029935 0.996833
vt 0.024696 0.996833
vt 0.024696 2.000000
vt -0.029935 2.000000
vt 0.861774 1.000000
vt 1.000000 1.000000
vt 1.000000 1.140751
vt 0.861774 1.140751
vt 0.866180 1.000000
vt 0.997442 1.000000
vt 0.997442 1.140745
vt 0.866180 1.140745
vt 0.866180 1.000000
vt 0.997442 1.000000
vt 0.997442 1.140745
vt 0.866180 1.140745
vt 0.866180 1.000000
vt 0.997442 1.000000
vt 0.997442 1.140745
vt 0.866180 1.140745
vt 0.866180 1.000000
vt 0.997442 1.000000
vt 0.997442 1.140745
vt 0.866180 1.140745
vt -0.000000 1.974558
vt 0.997977 1.974558
vt 0.997977 2.000000
vt -0.000000 2.000000
vt 0.000000 1.000000
vt 1.000000 1.000000
vt 1.000000 2.000000
vt 0.000000 2.000000
vt -0.029935 0.996833
vt 0.024696 0.996833
vt 0.024696 2.000000
vt -0.029935 2.000000
vt 0.000000 1.000000
vt 1.000000 1.000000
vt 1.000000 2.000000
vt 0.000000 2.000000
vt -0.029935 0.996833
vt 0.024696 0.996833
vt 0.024696 2.000000
vt -0.029935 2.000000
vt -0.000000 1.974558
vt 0.997977 1.974558
vt 0.997977 2.000000
vt -0.000000 2.000000
vt 0.000000 1.000000
vt 1.000000 1.000000
vt 1.000000 2.000000
vt 0.000000 2.000000
vt -0.029935 0.996833
vt 0.024696 0.996833
vt 0.024696 2.000000
vt -0.029935 2.000000
vt 0.000000 1.000000
vt 1.000000 1.000000
vt 1.000000 2.000000
vt 0.000000 2.000000
vt -0.029935 0.996833
vt 0.024696 0.996833
vt 0.024696 2.000000
vt -0.029935 2.000000
vt -0.000000 1.974558
vt 0.997977 1.974558
vt 0.997977 2.000000
vt -0.000000 2.000000
vt 0.000000 1.000000
vt 1.000000 1.000000
vt 1.000000 2.000000
vt 0.000000 2.000000
vt -0.029935 0.996833
vt 0.024696 0.996833
vt 0.024696 2.000000
vt -0.029935 2.000000
vt 0.000000 1.000000
vt 1.000000 1.000000
vt 1.000000 2.000000
vt 0.000000 2.000000
vt -0.029935 0.996833
vt 0.024696 0.996833
vt 0.024696 2.000000
vt -0.029935 2.000000
vt 0.861774 1.000000
vt 1.000000 1.000000
vt 1.000000 1.140751
vt 0.861774 1.140751
vt 0.866180 1.000000
vt 0.997442 1.000000
vt 0.997442 1.140745
vt 0.866180 1.140745
vt 0.866180 1.000000
vt 0.997442 1.000000
vt 0.997442 1.140745
vt 0.866180 1.140745
vt 0.866180 1.000000
vt 0.997442 1.000000
vt 0.997442 1.140745
vt 0.866180 1.140745
vt 0.866180 1.000000
vt 0.997442 1.000000
vt 0.997442 1.140745
vt 0.866180 1.140745
vt -0.000000 1.974558
vt 0.997977 1.974558
vt 0.997977 2.000000
vt -0.000000 2.000000
vt 0.000000 1.000000
vt 1.000000 1.000000
vt 1.000000 2.000000
vt 0.000000 2.000000
vt -0.029935 0.996833
vt 0.024696 0.996833
vt 0.024696 2.000000
vt -0.029935 2.000000
vt 0.000000 1.000000
vt 1.000000 1.000000
vt 1.000000 2.000000
vt 0.000000 2.000000
vt -0.029935 0.996833
vt 0.024696 0.996833
vt 0.024696 2.000000
vt -0.029935 2.000000
vt 0.861774 1.000000
vt 1.000000 1.000000
vt 1.000000 1.140751
vt 0.861774 1.140751
vt 0.866180 1.000000
vt 0.997442 1.000000
vt 0.997442 1.140745
vt 0.866180 1.140745
vt 0.866180 1.000000
vt 0.997442 1.000000
vt 0.997442 1.140745
vt 0.866180 1.140745
vt 0.866180 1.000000
vt 0.997442 1.000000
vt 0.997442 1.140745
vt 0.866180 1.140745
vt 0.866180 1.000000
vt 0.997442 1.000000
vt 0.997442 1.140745
vt 0.866180 1.140745
vt -0.000000 1.974558
vt 0.997977 1.974558
vt 0.997977 2.000000
vt -0.000000 2.000000
vt 0.000000 1.000000
vt 1.000000 1.000000
vt 1.000000 2.000000
vt 0.000000 2.000000
vt -0.029935 0.996833
vt 0.024696 0.996833
vt 0.024696 2.000000
vt -0.029935 2.000000
vt 0.000000 1.000000
vt 1.000000 1.000000
vt 1.000000 2.000000
vt 0.000000 2.000000
vt -0.029935 0.996833
vt 0.024696 0.996833
vt 0.024696 2.000000
vt -0.029935 2.000000
vt 0.861774 1.000000
vt 1.000000 1.000000
vt 1.000000 1.140751
vt 0.861774 1.140751
vt 0.866180 1.000000
vt 0.997442 1.000000
vt 0.997442 1.140745
vt 0.866180 1.140745
vt 0.866180 1.000000
vt 0.997442 1.000000
vt 0.997442 1.140745
vt 0.866180 1.140745
vt 0.866180 1.000000
vt 0.997442 1.000000
vt 0.997442 1.140745
vt 0.866180 1.140745
vt 0.866180 1.000000
vt 0.997442 1.000000
vt 0.997442 1.140745
vt 0.866180 1.140745
vt -0.000000 1.974558
vt 0.997977 1.974558
vt 0.997977 2.000000
vt -0.000000 2.000000
vt 0.000000 1.000000
vt 1.000000 1.000000
vt 1.000000 2.000000
vt 0.000000 2.000000
vt -0.029935 0.996833
vt 0.024696 0.996833
vt 0.024696 2.000000
vt -0.029935 2.000000
vt 0.000000 1.000000
vt 1.000000 1.000000
vt 1.000000 2.000000
vt 0.000000 2.000000
vt -0.029935 0.996833
vt 0.024696 0.996833
vt 0.024696 2.000000
vt -0.029935 2.000000
vt 0.861774 1.000000
vt 1.000000 1.000000
vt 1.000000 1.140751
vt 0.861774 1.140751
vt 0.866180 1.000000
vt 0.997442 1.000000
vt 0.997442 1.140745
vt 0.866180 1.140745
vt 0.866180 1.000000
vt 0.997442 1.000000
vt 0.997442 1.140745
vt 0.866180 1.140745
vt 0.866180 1.000000
vt 0.997442 1.000000
vt 0.997442 1.140745
vt 0.866180 1.140745
vt 0.866180 1.000000
vt 0.997442 1.000000
vt 0.997442 1.140745
vt 0.866180 1.140745
vt -0.000000 1.974558
vt 0.997977 1.974558
vt 0.997977 2.000000
vt -0.000000 2.000000
vt 0.000000 1.000000
vt 1.000000 1.000000
vt 1.000000 2.000000
vt 0.000000 2.000000
vt -0.029935 0.996833
vt 0.024696 0.996833
vt 0.024696 2.000000
vt -0.029935 2.000000
vt 0.000000 1.000000
vt 1.000000 1.000000
vt 1.000000 2.000000
vt 0.000000 2.000000
vt -0.029935 0.996833
vt 0.024696 0.996833
vt 0.024696 2.000000
vt -0.029935 2.000000
vt 0.861774 1.000000
vt 1.000000 1.000000
vt 1.000000 1.140751
vt 0.861774 1.140751
vt 0.866180 1.000000
vt 0.997442 1.000000
vt 0.997442 1.140745
vt 0.866180 1.140745
vt 0.866180 1.000000
vt 0.997442 1.000000
vt 0.997442 1.140745
vt 0.866180 1.140745
vt 0.866180 1.000000
vt 0.997442 1.000000
vt 0.997442 1.140745
vt 0.866180 1.140745
vt 0.866180 1.000000
vt 0.997442 1.000000
vt 0.997442 1.140745
vt 0.866180 1.140745
vt -0.000000 1.974558
vt 0.997977 1.974558
vt 0.997977 2.000000
vt -0.000000 2.000000
vt 0.000000 1.000000
vt 1.000000 1.000000
vt 1.000000 2.000000
vt 0.000000 2.000000
vt -0.029935 0.996833
vt 0.024696 0.996833
vt 0.024696 2.000000
vt -0.029935 2.000000
vt 0.000000 1.000000
vt 1.000000 1.000000
vt 1.000000 2.000000
vt 0.000000 2.000000
vt -0.029935 0.996833
vt 0.024696 0.996833
vt 0.024696 2.000000
vt -0.029935 2.000000
vt -0.000000 1.974558
vt 0.997977 1.974558
vt 0.997977 2.000000
vt -0.000000 2.000000
vt 0.000000 1.000000
vt 1.000000 1.000000
vt 1.000000 2.000000
vt 0.000000 2.000000
vt -0.029935 0.996833
vt 0.024696 0.996833
vt 0.024696 2.000000
vt -0.029935 2.000000
vt 0.000000 1.000000
vt 1.000000 1.000000
vt 1.000000 2.000000
vt 0.000000 2.000000
vt -0.029935 0.996833
vt 0.024696 0.996833
vt 0.024696 2.000000
vt -0.029935 2.000000
vt -0.000000 1.974558
vt 0.997977 1.974558
vt 0.997977 2.000000
vt -0.000000 2.000000
vt 0.000000 1.000000
vt 1.000000 1.000000
vt 1.000000 2.000000
vt 0.000000 2.000000
vt -0.029935 0.996833
vt 0.024696 0.996833
vt 0.024696 2.000000
vt -0.029935 2.000000
vt 0.000000 1.000000
vt 1.000000 1.000000
vt 1.000000 2.000000
vt 0.000000 2.000000
vt -0.029935 0.996833
vt 0.024696 0.996833
vt 0.024696 2.000000
vt -0.029935 2.000000
vt 0.861774 1.000000
vt 1.000000 1.000000
vt 1.000000 1.140751
vt 0.861774 1.140751
vt 0.866180 1.000000
vt 0.997442 1.000000
vt 0.997442 1.140745
vt 0.866180 1.140745
vt 0.866180 1.000000
vt 0.997442 1.000000
vt 0.997442 1.140745
vt 0.866180 1.140745
vt 0.866180 1.000000
vt 0.997442 1.000000
vt 0.997442 1.140745
vt 0.866180 1.140745
vt 0.866180 1.000000
vt 0.997442 1.000000
vt 0.997442 1.140745
vt 0.866180 1.140745
vt 0.861774 1.000000
vt 1.000000 1.000000
vt 1.000000 1.140751
vt 0.861774 1.140751
vt 0.866180 1.000000
vt 0.997442 1.000000
vt 0.997442 1.140745
vt 0.866180 1.140745
vt 0.866180 1.000000
vt 0.997442 1.000000
vt 0.997442 1.140745
vt 0.866180 1.140745
vt 0.866180 1.000000
vt 0.997442 1.000000
vt 0.997442 1.140745
vt 0.866180 1.140745
vt 0.866180 1.000000
vt 0.997442 1.000000
vt 0.997442 1.140745
vt 0.866180 1.140745
vt -0.000000 1.974558
vt 0.997977 1.974558
vt 0.997977 2.000000
vt -0.000000 2.000000
vt 0.000000 1.000000
vt 1.000000 1.000000
vt 1.000000 2.000000
vt 0.000000 2.000000
vt -0.029935 0.996833
vt 0.024696 0.996833
vt 0.024696 2.000000
vt -0.029935 2.000000
vt 0.000000 1.000000
vt 1.000000 1.000000
vt 1.000000 2.000000
vt 0.000000 2.000000
vt -0.029935 0.996833
vt 0.024696 0.996833
vt 0.024696 2.000000
vt -0.029935 2.000000
vt -0.000000 1.974558
vt 0.997977 1.974558
vt 0.997977 2.000000
vt -0.000000 2.000000
vt 0.000000 1.000000
vt 1.000000 1.000000
vt 1.000000 2.000000
vt 0.000000 2.000000
vt -0.029935 0.996833
vt 0.024696 0.996833
vt 0.024696 2.000000
vt -0.029935 2.000000
vt 0.000000 1.000000
vt 1.000000 1.000000
vt 1.000000 2.000000
vt 0.000000 2.000000
vt -0.029935 0.996833
vt 0.024696 0.996833
vt 0.024696 2.000000
vt -0.029935 2.000000
vt 0.861774 1.000000
vt 1.000000 1.000000
vt 1.000000 1.140751
vt 0.861774 1.140751
vt 0.866180 1.000000
vt 0.997442 1.000000
vt 0.997442 1.140745
vt 0.866180 1.140745
vt 0.866180 1.000000
vt 0.997442 1.000000
vt 0.997442 1.140745
vt 0.866180 1.140745
vt 0.866180 1.000000
vt 0.997442 1.000000
vt 0.997442 1.140745
vt 0.866180 1.140745
vt 0.866180 1.000000
vt 0.997442 1.000000
vt 0.997442 1.140745
vt 0.866180 1.140745
vt 0.861774 1.000000
vt 1.000000 1.000000
vt 1.000000 1.140751
vt 0.861774 1.140751
vt 0.866180 1.000000
vt 0.997442 1.000000
vt 0.997442 1.140745
vt 0.866180 1.140745
vt 0.866180 1.000000
vt 0.997442 1.000000
vt 0.997442 1.140745
vt 0.866180 1.140745
vt 0.866180 1.000000
vt 0.997442 1.000000
vt 0.997442 1.140745
vt 0.866180 1.140745
vt 0.866180 1.000000
vt 0.997442 1.000000
vt 0.997442 1.140745
vt 0.866180 1.140745
vt -3.341332 2.986784
vt -3.341332 0.013217
vt -2.479889 0.013216
vt -2.479889 2.986784
vt -1.835619 0.013217
vt -1.835619 2.986784
vt -1.601039 0.013217
vt -1.601039 2.986784
vt -0.969984 0.013217
vt -0.969984 2.986784
vt -0.735404 0.013217
vt -0.735404 2.986784
vt -0.064701 0.013216
vt -0.064701 2.986784
vt 0.183094 0.013216
vt 0.183094 2.986784
vt 0.840581 0.013217
vt 0.840581 2.986784
vt 1.075161 0.013217
vt 1.075161 2.986784
vt 1.706217 0.013216
vt 1.706217 2.986784
vt 1.954012 0.013216
vt 1.954012 2.986784
vt 2.585360 0.013216
vt 2.585360 2.986784
vt 2.835812 0.013217
vt 2.835812 2.986784
vt 3.469409 0.013217
vt 3.469409 2.986784
vt 4.350295 0.013216
vt 4.350295 2.986784
vt 14.445986 7.980078
vt 14.445986 8.475048
vt 11.429776 8.475048
vt 11.429776 7.980078
vt 10.331572 8.475048
vt 10.331572 7.980078
vt 7.377230 8.475048
vt 7.377230 7.980078
vt 6.279024 8.475048
vt 6.279024 7.980078
vt 3.139068 8.475048
vt 3.139068 7.980078
vt 1.978991 8.475048
vt 1.978991 7.980078
vt -1.099093 8.475048
vt -1.099093 7.980078
vt -2.197299 8.475048
vt -2.197299 7.980078
vt -5.151641 8.475048
vt -5.151641 7.980078
vt -6.311718 8.475048
vt -6.311718 7.980078
vt -9.267427 8.475048
vt -9.267427 7.980078
vt -10.439943 8.475048
vt -10.439943 7.980078
vt -13.406186 8.475048
vt -13.406186 7.980078
vt 18.045805 7.980079
vt 18.478905 8.475048
vt 18.478905 -5.445970
vt 18.045805 -5.012871
vt 14.445986 -5.445971
vt 14.445986 -5.012871
vt 11.429776 -5.012871
vt 11.429776 -5.445970
vt 10.331572 -5.445970
vt 10.331572 -5.012871
vt 7.377230 -5.012871
vt 7.377230 -5.445970
vt 6.279024 -5.445970
vt 6.279024 -5.012871
vt 3.139068 -5.012871
vt 3.139068 -5.445971
vt 1.978991 -5.445971
vt 1.978991 -5.012872
vt -1.099093 -5.012871
vt -1.099093 -5.445970
vt -2.197299 -5.445970
vt -2.197299 -5.012871
vt -5.151641 -5.012871
vt -5.151641 -5.445971
vt -6.311718 -5.445971
vt -6.311718 -5.012871
vt -9.267427 -5.012871
vt -9.267427 -5.445971
vt -10.439943 -5.445970
vt -10.439943 -5.012872
vt -13.406186 -5.012871
vt -13.406186 -5.445970
vt -17.530130 8.475048
vt -17.158903 7.980079
vt -17.530130 -5.445971
vt -17.158903 -5.012871
vt 1.002457 1.991527
vt 0.955960 1.991788
vt 0.955446 1.035961
vt 1.001943 0.981454
vt 0.049392 1.035954
vt 0.002894 0.981708
vt 0.049392 1.991782
vt 0.002894 1.991782
vt 0.002894 1.991527
vt 0.003408 0.981454
vt 0.049905 1.035961
vt 0.049391 1.991788
vt 1.002457 0.981708
vt 0.955960 1.035954
vt 1.002457 1.991782
vt 0.955959 1.991782
vt -0.996917 1.004193
vt -0.699711 1.004193
vt -0.699711 2.000812
vt -0.996917 2.000812
vt 0.153349 1.004193
vt 0.367727 1.004193
vt 0.367727 2.000812
vt 0.153349 2.000812
vt -0.363108 1.004193
vt -0.148729 1.004193
vt -0.148729 2.000812
vt -0.363108 2.000812
vt 0.704331 1.004193
vt 1.001537 1.004193
vt 1.001537 2.000812
vt 0.704331 2.000812
vt 0.153349 1.004193
vt 0.367727 1.004193
vt 0.367727 2.000812
vt 0.153349 2.000812
vt -0.363107 1.004193
vt -0.148729 1.004193
vt -0.148729 2.000812
vt -0.363107 2.000812
vt -0.100427 0.992091
vt 0.084718 0.992091
vt 0.084718 2.007909
vt -0.100427 2.007909
vt -0.363107 0.992091
vt -0.134113 0.992091
vt -0.134113 2.007909
vt -0.363107 2.007909
vt -0.080098 0.992091
vt 0.105047 0.992091
vt 0.105047 2.007909
vt -0.080098 2.007909
vt 0.138732 0.992091
vt 0.367727 0.992091
vt 0.367727 2.007909
vt 0.138732 2.007909
vt -0.375134 0.876633
vt 1.375134 0.876633
vt 1.289986 0.911310
vt -0.294064 0.911310
vt -0.294064 2.038393
vt -0.375134 2.123367
vt 1.375134 2.123367
vt 1.289986 2.038392
vt -2.931212 1.195920
vt -1.464787 1.195920
vt -1.464787 1.804080
vt -2.931212 1.804080
vt 2.542167 1.195920
vt 2.542167 1.804080
vt 3.941898 1.195920
vt 3.941898 1.804080
vt -1.013762 1.195920
vt 2.024446 1.195920
vt 2.024446 1.804080
vt -1.013762 1.804080
vt -2.931212 1.195920
vt -0.224244 1.195920
vt -0.224244 1.804080
vt -2.931212 1.804080
vt -0.224244 1.195920
vt 1.134339 1.195920
vt 1.134339 1.804080
vt -0.224244 1.804080
vt 1.134339 1.195920
vt 3.941898 1.195920
vt 3.941898 1.804080
vt 1.134339 1.804080
vt -1.013762 1.195920
vt 2.024446 1.195920
vt 2.024446 1.804080
vt -1.013762 1.804080
vt -0.636579 1.195920
vt -0.636579 1.804080
vt -1.011014 1.804080
vt -1.011014 1.195920
vt 1.647265 1.804080
vt 1.647265 1.195920
vt 2.021700 1.195920
vt 2.021700 1.804080
vt -0.000000 1.974558
vt 0.997977 1.974558
vt 0.997977 2.000000
vt -0.000000 2.000000
vt 0.000000 1.000000
vt 1.000000 1.000000
vt 1.000000 2.000000
vt 0.000000 2.000000
vt -0.029935 0.996833
vt 0.024696 0.996833
vt 0.024696 2.000000
vt -0.029935 2.000000
vt -0.029935 0.996833
vt 0.024696 0.996833
vt 0.024696 2.000000
vt -0.029935 2.000000
vt -1.001212 1.003224
vt -0.246490 1.003224
vt -0.246490 1.151463
vt -1.001212 1.151462
vt 1.000497 1.003224
vt 1.000497 1.151463
vt -0.999608 1.150031
vt -0.999608 1.001793
vt -0.244886 1.001792
vt -0.244886 1.150031
vt 1.002101 1.001792
vt 1.002101 1.150030
vt -0.357781 1.150031
vt -0.357781 1.001793
vt -0.043315 1.001793
vt -0.043315 1.150031
vt -1.000473 1.150839
vt -0.245969 1.150839
vt -0.245969 1.998391
vt -1.000473 1.522018
vt -0.245969 1.150839
vt 1.000659 1.150839
vt 1.000659 1.998391
vt -0.245969 1.998391
vt -0.359384 1.151463
vt -0.359384 1.003225
vt 0.358669 1.003224
vt 0.358669 1.151463
vt -1.000474 1.150839
vt 0.246154 1.150839
vt 0.246154 1.998391
vt -1.000474 1.998391
vt 0.246154 1.150839
vt 1.000658 1.150839
vt 1.000658 1.522018
vt 0.246154 1.998391
vt -0.999608 1.001792
vt -0.244886 1.001792
vt -0.244886 1.150030
vt -0.999608 1.150030
vt 1.002100 1.001792
vt 1.002100 1.150031
vt -1.001212 1.151463
vt -1.001212 1.003225
vt -0.246490 1.003225
vt -0.246490 1.151463
vt 1.000497 1.003224
vt 1.000497 1.151462
vt -0.359384 1.151463
vt -0.359384 1.003225
vt -0.044918 1.003225
vt -0.044918 1.151463
vt -1.000474 1.150839
vt -0.245969 1.150839
vt -0.245969 1.998391
vt -1.000474 1.522018
vt -0.245969 1.150839
vt 1.000658 1.150839
vt 1.000658 1.998391
vt -0.245969 1.998391
vt -0.357781 1.150031
vt -0.357781 1.001793
vt 0.360273 1.001792
vt 0.360273 1.150031
vt -1.000473 1.150839
vt 0.246154 1.150839
vt 0.246154 1.998391
vt -1.000473 1.998391
vt 0.246154 1.150839
vt 1.000659 1.150839
vt 1.000659 1.522018
vt 0.246154 1.998391
vt 1.364201 -2.530846
vt 1.957608 -2.530846
vt 1.957609 -0.101210
vt 1.364201 -0.101209
vt 1.378875 4.238281
vt 1.966722 4.831680
vt -2.218631 4.828038
vt -2.215424 4.234640
vt 0.854370 1.342121
vt 0.992289 1.342121
vt 0.996483 1.468683
vt 0.857969 1.468683
vt -0.989065 0.999555
vt -0.335513 0.999555
vt -0.335513 1.995819
vt -0.989065 1.295231
vt -0.335513 0.999555
vt 0.991393 0.999555
vt 0.991393 1.995819
vt -0.335513 1.995819
vt 0.021655 1.342121
vt 0.994407 1.342121
vt 0.994407 1.620885
vt 0.021655 1.620885
vt 0.022400 1.342121
vt 0.857781 1.342121
vt 0.857781 1.620885
vt 0.022400 1.620885
vt -0.829446 0.999555
vt 0.337841 0.999555
vt 0.337841 1.995819
vt -0.829446 1.995819
vt 0.337841 0.999555
vt 0.991393 0.999555
vt 0.991393 1.295231
vt 0.337841 1.995819
vt 0.000000 1.000000
vt 0.000000 2.000000
vt 1.000000 2.000000
vt 1.000000 1.000000
vt 0.993298 1.003190
vt 0.993298 1.997887
vt 0.179268 1.874399
vt 0.568119 1.003190
vt -0.214643 1.874399
vt -0.593667 1.003190
vt -0.999508 1.997886
vt -0.999508 1.003190
vt -0.214643 1.996987
vt 0.179268 1.996987
vn 1.0000 0.0065 -0.0013
vn 1.0000 0.0059 -0.0020
vn 1.0000 0.0068 -0.0008
vn 1.0000 0.0073 -0.0000
vn 0.0034 0.0024 -1.0000
vn 0.0020 0.0031 -1.0000
vn 0.0027 0.0028 -1.0000
vn 0.0041 0.0020 -1.0000
vn -0.0034 0.0024 -1.0000
vn -0.0041 0.0020 -1.0000
vn -0.0027 0.0028 -1.0000
vn -0.0020 0.0031 -1.0000
vn 0.0029 -0.0062 -1.0000
vn 0.0041 -0.0047 -1.0000
vn 0.0032 -0.0058 -1.0000
vn 0.0020 -0.0074 -1.0000
vn -0.0029 -0.0063 -1.0000
vn -0.0020 -0.0074 -1.0000
vn -0.0032 -0.0058 -1.0000
vn -0.0041 -0.0047 -1.0000
vn 1.0000 -0.0038 0.0000
vn -0.0020 -0.0003 1.0000
vn -0.0023 -0.0001 1.0000
vn -0.0015 -0.0006 1.0000
vn -0.0012 -0.0008 1.0000
vn 0.0020 -0.0003 1.0000
vn 0.0012 -0.0008 1.0000
vn 0.0015 -0.0006 1.0000
vn 0.0023 -0.0001 1.0000
vn -0.0016 0.0012 1.0000
vn -0.0012 0.0018 1.0000
vn -0.0018 0.0009 1.0000
vn -0.0023 0.0003 1.0000
vn 0.0017 0.0012 1.0000
vn 0.0023 0.0003 1.0000
vn 0.0018 0.0009 1.0000
vn 0.0012 0.0018 1.0000
vn -1.0000 -0.0050 -0.0000
vn -1.0000 0.0021 0.0000
vn 0.9999 0.0130 0.0000
vn 1.0000 0.0083 0.0007
vn 1.0000 0.0094 0.0008
vn 1.0000 0.0093 -0.0006
vn 1.0000 0.0024 -0.0014
vn 1.0000 0.0085 -0.0004
vn 1.0000 0.0084 0.0000
vn 0.0000 1.0000 0.0000
vn 1.0000 0.0000 0.0000
vn -1.0000 0.0000 0.0000
vn 0.0000 0.0000 1.0000
vn 0.0000 0.0000 -1.0000
vn 0.0000 0.0031 -1.0000
vn 0.0000 -0.0074 -1.0000
vn 0.0000 -0.0008 1.0000
vn 0.0000 0.0018 1.0000
vn -0.3387 0.9277 0.1570
vn -0.3387 0.9277 -0.1570
vn -0.6129 0.7744 -0.1570
vn -0.6129 0.7744 0.1570
vn -0.4474 0.6250 -0.6397
vn -0.6546 0.4986 -0.5683
vn -0.8643 0.3813 -0.3281
vn -0.9311 0.3546 -0.0855
vn -0.9311 0.3546 0.0855
vn -0.8643 0.3813 0.3281
vn -0.6546 0.4986 0.5683
vn -0.4474 0.6250 0.6397
vn -0.2981 0.7085 0.6397
vn -0.0819 0.8187 0.5683
vn 0.1278 0.9360 0.3281
vn 0.1856 0.9789 0.0856
vn 0.1856 0.9789 -0.0855
vn 0.1278 0.9360 -0.3281
vn -0.0819 0.8188 -0.5683
vn -0.2981 0.7085 -0.6396
vn -0.5842 0.0906 -0.8065
vn -0.2841 0.2620 -0.9223
vn -0.8817 -0.0758 -0.4657
vn -0.9843 -0.1295 -0.1201
vn -0.9843 -0.1295 0.1201
vn -0.8817 -0.0758 0.4657
vn -0.5841 0.0906 0.8066
vn -0.2840 0.2620 0.9223
vn -0.0744 0.3792 0.9223
vn 0.2288 0.5450 0.8066
vn 0.5263 0.7114 0.4657
vn 0.6258 0.7707 0.1201
vn 0.6258 0.7707 -0.1201
vn 0.5263 0.7114 -0.4657
vn 0.2288 0.5451 -0.8066
vn -0.0744 0.3792 -0.9223
vn -0.5160 -0.0855 -0.8523
vn -0.1962 0.0916 -0.9763
vn -0.8304 -0.2613 -0.4921
vn -0.9379 -0.3230 -0.1267
vn -0.9379 -0.3230 0.1267
vn -0.8304 -0.2613 0.4921
vn -0.5160 -0.0855 0.8523
vn -0.1963 0.0916 0.9763
vn 0.0248 0.2152 0.9762
vn 0.3431 0.3948 0.8523
vn 0.6575 0.5706 0.4921
vn 0.7664 0.6298 0.1266
vn 0.7663 0.6298 -0.1267
vn 0.6575 0.5706 -0.4921
vn 0.3430 0.3948 -0.8523
vn 0.0248 0.2152 -0.9763
vn -0.4364 -0.2440 -0.8660
vn -0.2259 -0.1263 -0.9659
vn -0.7559 -0.4226 -0.5000
vn -0.8654 -0.4838 -0.1305
vn -0.8654 -0.4838 0.1305
vn -0.7559 -0.4226 0.5000
vn -0.4364 -0.2440 0.8660
vn -0.4365 -0.2440 0.8660
vn -0.1139 -0.0637 0.9914
vn -0.1140 -0.0637 0.9914
vn 0.1139 0.0637 0.9914
vn 0.4364 0.2440 0.8660
vn 0.4365 0.2440 0.8660
vn 0.7559 0.4226 0.5000
vn 0.8654 0.4838 0.1305
vn 0.8654 0.4838 -0.1305
vn 0.7559 0.4226 -0.5000
vn 0.4364 0.2440 -0.8660
vn 0.1139 0.0637 -0.9914
vn 0.1139 0.0637 -0.9915
vn 0.4889 -0.8724 0.0049
vn 0.4879 -0.8729 0.0002
vn 0.4896 -0.8720 0.0026
vn 0.4900 -0.8717 0.0012
vn 0.4902 -0.8716 0.0003
vn 0.4902 -0.8716 -0.0003
vn 0.4899 -0.8718 -0.0012
vn 0.4895 -0.8720 -0.0025
vn 0.4888 -0.8724 -0.0047
vn 0.4871 -0.8733 -0.0048
vn 0.4863 -0.8738 -0.0027
vn 0.4859 -0.8740 -0.0013
vn 0.4856 -0.8742 -0.0004
vn 0.4856 -0.8742 0.0004
vn 0.4859 -0.8740 0.0013
vn 0.4863 -0.8738 0.0028
vn 0.4870 -0.8734 0.0050
vn -0.6129 0.7744 -0.1571
vn -0.4473 0.6250 -0.6397
vn -0.6545 0.4986 -0.5684
vn -0.8643 0.3813 -0.3282
vn -0.9311 0.3546 -0.0856
vn -0.8642 0.3813 0.3281
vn -0.6545 0.4986 0.5683
vn -0.0818 0.8187 0.5684
vn 0.1279 0.9360 0.3281
vn 0.1856 0.9789 0.0855
vn 0.1278 0.9359 -0.3281
vn -0.0819 0.8187 -0.5683
vn -0.5842 0.0906 -0.8066
vn -0.8817 -0.0757 -0.4656
vn -0.8817 -0.0758 0.4656
vn -0.5842 0.0906 0.8066
vn -0.2840 0.2619 0.9223
vn 0.2287 0.5450 0.8066
vn 0.5263 0.7115 -0.4657
vn 0.2287 0.5451 -0.8066
vn -0.1965 0.0916 -0.9762
vn -0.8304 -0.2612 -0.4921
vn -0.9379 -0.3230 -0.1266
vn -0.9379 -0.3229 0.1266
vn -0.8305 -0.2612 0.4920
vn -0.1962 0.0915 0.9763
vn 0.0247 0.2152 0.9763
vn 0.3430 0.3948 0.8523
vn 0.6575 0.5705 0.4921
vn 0.7664 0.6298 0.1267
vn 0.7664 0.6298 -0.1266
vn 0.6575 0.5705 -0.4921
vn 0.3431 0.3948 -0.8523
vn 0.0248 0.2153 -0.9762
vn -0.4365 -0.2440 -0.8660
vn -0.2260 -0.1263 -0.9659
vn -0.1139 -0.0637 0.9915
vn 0.1140 0.0637 0.9914
vn 0.7560 0.4226 -0.4999
vn 0.4365 0.2440 -0.8660
vn 0.4888 -0.8724 0.0048
vn 0.4896 -0.8719 0.0025
vn 0.4899 -0.8718 0.0012
vn 0.4901 -0.8717 0.0004
vn 0.4902 -0.8716 -0.0004
vn 0.4900 -0.8717 -0.0012
vn 0.4896 -0.8720 -0.0025
vn 0.4887 -0.8724 -0.0046
vn 0.4869 -0.8734 -0.0047
vn 0.4858 -0.8740 0.0013
vn 0.4863 -0.8738 0.0027
vn 0.4869 -0.8734 0.0049
vn -0.4475 0.6250 -0.6397
vn -0.8642 0.3814 -0.3281
vn -0.9311 0.3546 0.0856
vn -0.6546 0.4985 0.5683
vn -0.2981 0.7085 0.6396
vn -0.0819 0.8188 0.5683
vn 0.1855 0.9789 0.0855
vn 0.1277 0.9360 -0.3281
vn -0.2980 0.7085 -0.6397
vn -0.5841 0.0906 -0.8066
vn -0.2840 0.2620 -0.9223
vn -0.8817 -0.0757 -0.4657
vn -0.2841 0.2620 0.9223
vn 0.2287 0.5451 0.8066
vn 0.6258 0.7706 -0.1201
vn 0.5263 0.7114 -0.4656
vn -0.1964 0.0916 -0.9762
vn -0.1963 0.0916 0.9762
vn 0.0247 0.2152 -0.9763
vn 0.4889 -0.8723 0.0047
vn 0.4895 -0.8720 0.0026
vn 0.4899 -0.8718 0.0013
vn 0.4902 -0.8716 0.0004
vn 0.4901 -0.8716 -0.0004
vn 0.4888 -0.8724 -0.0046
vn 0.4871 -0.8734 -0.0047
vn 0.4864 -0.8737 -0.0026
vn 0.4862 -0.8738 0.0027
vn 0.4870 -0.8734 0.0049
vn -0.3387 0.9277 0.1571
vn -0.6129 0.7744 0.1571
vn -0.6546 0.4985 -0.5683
vn -0.8642 0.3813 -0.3281
vn -0.0818 0.8187 0.5683
vn -0.0818 0.8187 -0.5683
vn -0.8817 -0.0757 0.4657
vn -0.1963 0.0916 -0.9762
vn -0.5160 -0.0854 0.8523
vn 0.7664 0.6298 -0.1267
vn 0.4889 -0.8723 0.0048
vn 0.2035 0.9791 0.0000
vn 0.3700 0.5610 0.7405
vn 0.1064 0.9863 0.1258
vn -0.5617 0.8124 0.1562
vn -0.2109 0.3030 0.9294
vn 0.2553 0.7462 -0.6149
vn -0.3650 0.5257 -0.7684
vn 0.6674 0.0810 -0.7403
vn 0.1957 -0.2807 -0.9396
vn 0.9306 -0.3438 -0.1257
vn 0.5682 -0.8070 -0.1609
vn 0.7820 -0.1040 0.6145
vn 0.3562 -0.5092 0.7835
vn -0.7152 0.6826 0.1501
vn -0.2949 0.2712 0.9162
vn -0.4829 0.4520 -0.7500
vn 0.2238 -0.2093 -0.9519
vn 0.7420 -0.6499 -0.1645
vn 0.4416 -0.4021 0.8021
vn -0.9246 0.3514 0.1469
vn -0.3903 0.1448 0.9092
vn -0.6292 0.2356 -0.7407
vn 0.2689 -0.0939 -0.9586
vn 0.9399 -0.2984 -0.1662
vn 0.5516 -0.1869 0.8129
vn -0.9362 0.0813 0.3420
vn -0.3721 0.0236 0.9279
vn -0.4873 0.0549 -0.8715
vn 0.3412 -0.0154 -0.9399
vn 0.9400 -0.0500 -0.3375
vn 0.6234 -0.0253 0.7815
vn -0.4593 -0.8034 0.3789
vn -0.2790 -0.6114 0.7405
vn -0.9344 -0.0016 -0.3562
vn -0.1587 -0.0003 -0.9873
vn 0.7757 0.0013 -0.6311
vn 0.9344 0.0016 0.3563
vn 0.5033 -0.6075 0.6146
vn 0.5660 -0.7963 0.2133
vn 0.0081 -1.0000 0.0000
vn 0.7821 -0.1040 0.6145
vn 0.3561 -0.5092 0.7835
vn -0.4830 0.4520 -0.7499
vn 0.2237 -0.2093 -0.9519
vn 0.4415 -0.4021 0.8021
vn -0.3903 0.1447 0.9092
vn 0.9398 -0.2985 -0.1662
vn 0.9400 -0.0501 -0.3374
vn -0.4592 -0.8034 0.3790
vn -0.9344 -0.0016 -0.3563
vn -0.1588 -0.0003 -0.9873
vn 0.9344 0.0016 0.3562
vn 0.5033 -0.6074 0.6146
vn -0.5617 0.8125 0.1562
vn -0.3650 0.5258 -0.7683
vn 0.5682 -0.8070 -0.1608
vn 0.9398 -0.2984 -0.1662
vn 0.9400 -0.0500 -0.3374
vn 0.1065 0.9863 0.1258
vn -0.3650 0.5258 -0.7684
vn 0.0000 -1.0000 -0.0000
vn -1.0000 0.0000 -0.0006
vn -0.0002 0.0000 1.0000
vn 1.0000 0.0000 0.0006
vn 0.0000 -0.0127 0.9999
vn 0.0000 -0.0062 1.0000
vn 0.0000 -0.0071 1.0000
vn 0.0000 0.0036 1.0000
vn 0.0000 0.0038 1.0000
vn 0.0000 0.0064 1.0000
vn 0.0395 0.9992 -0.0003
vn -0.0062 -0.0001 1.0000
vn -0.0395 -0.9992 -0.0002
vn 0.0061 -0.0000 -1.0000
vn 0.0062 -0.0000 -1.0000
vn 0.0000 -0.0391 0.9992
vn 0.0000 -0.0012 1.0000
vn 0.0000 0.0454 0.9990
vn 0.0000 0.0273 0.9996
vn 0.0000 0.1487 0.9889
vn 0.9888 0.1490 0.0000
vn 0.0000 0.1869 -0.9824
vn -0.9888 0.1490 0.0000
vn 0.0000 0.9140 -0.4057
vn 0.0000 0.4057 0.9140
vn 0.0000 -0.4057 -0.9140
vn 0.0000 1.0000 -0.0004
vn 0.0001 1.0000 -0.0001
vn 0.0001 1.0000 0.0001
vn -0.0000 1.0000 0.0004
vn -0.0001 1.0000 -0.0001
vn -0.0002 1.0000 -0.0001
vn -0.0001 1.0000 0.0001
vn -0.0010 1.0000 0.0000
vn 0.0010 1.0000 0.0000
vn 0.0000 0.8818 0.4716
vn 0.0000 0.9700 0.2431
vn 0.0000 0.9111 0.4123
vn -0.0000 0.9775 0.2108
vn 0.0000 0.9775 0.2111
vn 1.0000 0.0000 0.0018
vn -0.0009 0.0000 -1.0000
vn 0.0010 0.0000 1.0000
vn -1.0000 0.0000 -0.0034
usemtl None
s 1
f 2815/1/1 2816/2/2 2817/3/3
f 2817/3/3 2818/4/4 2815/1/1
usemtl None_medicsubsta_profwall.png
f 289/5/5 290/6/6 291/7/7
f 291/7/7 292/8/8 289/5/5
f 293/9/9 294/10/10 295/11/11
f 295/11/11 296/12/12 293/9/9
f 297/13/13 298/14/14 299/15/15
f 299/15/15 300/16/16 297/13/13
f 301/17/17 302/18/18 303/19/19
f 303/19/19 304/20/20 301/17/17
f 305/21/21 306/22/21 307/23/21
f 307/23/21 308/24/21 305/21/21
f 309/25/22 310/26/23 311/27/24
f 311/27/24 312/28/25 309/25/22
f 313/29/26 314/30/27 315/31/28
f 315/31/28 316/32/29 313/29/26
f 317/33/30 318/34/31 319/35/32
f 319/35/32 320/36/33 317/33/30
f 321/37/34 322/38/35 323/39/36
f 323/39/36 324/40/37 321/37/34
f 325/41/38 326/42/38 327/43/38
f 327/43/38 328/44/38 325/41/38
f 329/45/39 330/46/39 331/47/39
f 331/47/39 332/48/39 329/45/39
f 333/49/4 334/50/40 335/51/41
f 336/52/42 335/51/41 334/50/40
f 337/53/43 336/52/42 334/50/40
f 337/53/43 334/50/40 338/54/44
f 339/55/45 337/53/43 338/54/44
f 339/55/45 338/54/44 340/56/46
f 335/51/41 339/55/45 340/56/46
f 333/49/4 335/51/41 340/56/46
usemtl None_medicsubsta_roof.png
f 1325/57/47 1326/58/47 1327/59/47
f 1327/59/47 1328/60/47 1325/57/47
f 1329/61/47 1330/62/47 1331/63/47
f 1331/63/47 1332/64/47 1329/61/47
f 1333/65/47 1334/66/47 1335/67/47
f 1335/67/47 1336/68/47 1333/65/47
f 1337/69/47 1338/70/47 1339/71/47
f 1339/71/47 1340/72/47 1337/69/47
f 1341/73/47 1342/74/47 1343/75/47
f 1343/75/47 1344/76/47 1341/73/47
f 1345/77/47 1346/78/47 1347/79/47
f 1347/79/47 1348/80/47 1345/77/47
f 1349/81/47 1350/82/47 1351/83/47
f 1351/83/47 1352/84/47 1349/81/47
f 1353/85/47 1354/86/47 1355/87/47
f 1355/87/47 1356/88/47 1353/85/47
f 1357/89/47 1358/90/47 1359/91/47
f 1359/91/47 1360/92/47 1357/89/47
f 1361/93/48 1362/94/48 1363/95/48
f 1363/95/48 1364/96/48 1361/93/48
f 1365/97/49 1366/98/49 1367/99/49
f 1367/99/49 1368/100/49 1365/97/49
f 1369/101/49 1370/102/49 1371/103/49
f 1371/103/49 1372/104/49 1369/101/49
f 1373/105/48 1374/106/48 1375/107/48
f 1375/107/48 1376/108/48 1373/105/48
f 1377/109/49 1378/110/49 1379/111/49
f 1379/111/49 1380/112/49 1377/109/49
f 1381/113/48 1382/114/48 1383/115/48
f 1383/115/48 1384/116/48 1381/113/48
f 1385/117/49 1386/118/49 1387/119/49
f 1387/119/49 1388/120/49 1385/117/49
f 1389/121/48 1390/122/48 1391/123/48
f 1391/123/48 1392/124/48 1389/121/48
f 1393/125/49 1394/126/49 1395/127/49
f 1395/127/49 1396/128/49 1393/125/49
f 1397/129/50 1398/130/50 1399/131/50
f 1399/131/50 1400/132/50 1397/129/50
f 1401/133/48 1402/134/48 1403/135/48
f 1403/135/48 1404/136/48 1401/133/48
f 1405/137/47 1406/138/47 1407/139/47
f 1407/139/47 1408/140/47 1405/137/47
f 1409/141/47 1405/137/47 1408/140/47
f 1408/140/47 1410/142/47 1409/141/47
f 1411/143/47 1412/144/47 1413/145/47
f 1413/145/47 1414/146/47 1411/143/47
f 1406/138/47 1411/143/47 1414/146/47
f 1414/146/47 1407/139/47 1406/138/47
f 1415/147/47 1416/148/47 1417/149/47
f 1417/149/47 1418/150/47 1415/147/47
f 1412/144/47 1415/147/47 1418/150/47
f 1418/150/47 1413/145/47 1412/144/47
f 1419/151/47 1420/152/47 1421/153/47
f 1421/153/47 1422/154/47 1419/151/47
f 1416/148/47 1419/151/47 1422/154/47
f 1422/154/47 1417/149/47 1416/148/47
f 1423/155/47 1424/156/47 1425/157/47
f 1425/157/47 1426/158/47 1423/155/47
f 1420/152/47 1423/155/47 1426/158/47
f 1426/158/47 1421/153/47 1420/152/47
f 1427/159/47 1428/160/47 1429/161/47
f 1429/161/47 1430/162/47 1427/159/47
f 1424/156/47 1427/159/47 1430/162/47
f 1430/162/47 1425/157/47 1424/156/47
f 1431/163/47 1432/164/47 1433/165/47
f 1433/165/47 1434/166/47 1431/163/47
f 1428/160/47 1431/163/47 1434/166/47
f 1434/166/47 1429/161/47 1428/160/47
f 1432/164/47 1435/167/47 1436/168/47
f 1436/168/47 1433/165/47 1432/164/47
f 1437/169/51 1438/170/51 1439/171/51
f 1439/171/51 1440/172/51 1437/169/51
f 1441/173/51 1442/174/51 1443/175/51
f 1443/175/51 1444/176/51 1441/173/51
f 1445/177/51 1446/178/51 1447/179/51
f 1447/179/51 1448/180/51 1445/177/51
f 1449/181/51 1450/182/51 1451/183/51
f 1451/183/51 1452/184/51 1449/181/51
f 1453/185/51 1454/186/51 1455/187/51
f 1455/187/51 1456/188/51 1453/185/51
f 1457/189/51 1458/190/51 1459/191/51
f 1459/191/51 1460/192/51 1457/189/51
f 1461/193/51 1462/194/51 1463/195/51
f 1463/195/51 1464/196/51 1461/193/51
f 1465/197/51 1466/198/51 1467/199/51
f 1467/199/51 1468/200/51 1465/197/51
f 1469/201/51 1470/202/51 1471/203/51
f 1471/203/51 1472/204/51 1469/201/51
f 1473/205/51 1474/206/51 1475/207/51
f 1475/207/51 1476/208/51 1473/205/51
f 1477/209/51 1478/210/51 1479/211/51
f 1479/211/51 1480/212/51 1477/209/51
f 1481/213/51 1482/214/51 1483/215/51
f 1483/215/51 1484/216/51 1481/213/51
f 1485/217/51 1486/218/51 1487/219/51
f 1487/219/51 1488/220/51 1485/217/51
f 1489/221/51 1490/222/51 1491/223/51
f 1491/223/51 1492/224/51 1489/221/51
f 1493/225/51 1494/226/51 1495/227/51
f 1495/227/51 1496/228/51 1493/225/51
f 1497/229/49 1498/230/49 1499/231/49
f 1499/231/49 1500/232/49 1497/229/49
f 1501/233/50 1502/234/50 1503/235/50
f 1503/235/50 1504/236/50 1501/233/50
f 1505/237/50 1506/238/50 1507/239/50
f 1507/239/50 1508/240/50 1505/237/50
f 1509/241/50 1510/242/50 1511/243/50
f 1511/243/50 1512/244/50 1509/241/50
f 1513/245/50 1514/246/50 1515/247/50
f 1515/247/50 1516/248/50 1513/245/50
f 1517/249/50 1518/250/50 1519/251/50
f 1519/251/50 1520/252/50 1517/249/50
f 1521/253/50 1522/254/50 1523/255/50
f 1523/255/50 1524/256/50 1521/253/50
f 1525/257/50 1526/258/50 1527/259/50
f 1527/259/50 1528/260/50 1525/257/50
f 1529/261/50 1530/262/50 1531/263/50
f 1531/263/50 1532/264/50 1529/261/50
f 1533/265/50 1534/266/50 1535/267/50
f 1535/267/50 1536/268/50 1533/265/50
f 1537/269/50 1538/270/50 1539/271/50
f 1539/271/50 1540/272/50 1537/269/50
f 1541/273/50 1542/274/50 1543/275/50
f 1543/275/50 1544/276/50 1541/273/50
f 1545/277/50 1546/278/50 1547/279/50
f 1547/279/50 1548/280/50 1545/277/50
f 1549/281/50 1550/282/50 1551/283/50
f 1551/283/50 1552/284/50 1549/281/50
f 1553/285/50 1554/286/50 1555/287/50
f 1555/287/50 1556/288/50 1553/285/50
f 1557/289/50 1558/290/50 1559/291/50
f 1559/291/50 1560/292/50 1557/289/50
f 1561/293/48 1562/294/48 1563/295/48
f 1563/295/48 1564/296/48 1561/293/48
f 1565/297/47 1566/298/47 1567/299/47
f 1567/299/47 1568/300/47 1565/297/47
usemtl None_medicsubsta_frontwall.png
f 2451/301/52 2452/302/52 2453/303/52
f 2453/303/52 2454/304/52 2451/301/52
f 2455/305/52 2456/306/52 2457/307/52
f 2457/307/52 2458/308/52 2455/305/52
f 2459/309/52 2460/310/52 2461/311/52
f 2461/311/52 2462/312/52 2459/309/52
f 2463/313/52 2464/314/52 2465/315/52
f 2465/315/52 2466/316/52 2463/313/52
f 2467/317/52 2468/318/52 2469/319/52
f 2469/319/52 2470/320/52 2467/317/52
f 2471/321/52 2472/322/52 2473/323/52
f 2473/323/52 2474/324/52 2471/321/52
f 2475/325/52 2476/326/52 2477/327/52
f 2477/327/52 2478/328/52 2475/325/52
f 2479/329/52 2480/330/52 2481/331/52
f 2481/331/52 2482/332/52 2479/329/52
f 2483/333/52 2484/334/52 2485/335/52
f 2485/335/52 2486/336/52 2483/333/52
f 2487/337/52 2488/338/52 2489/339/52
f 2489/339/52 2490/340/52 2487/337/52
f 2491/341/52 2492/342/52 2493/343/52
f 2493/343/52 2494/344/52 2491/341/52
f 2495/345/52 2496/346/52 2497/347/52
f 2497/347/52 2498/348/52 2495/345/52
f 2499/349/52 2500/350/52 2501/351/52
f 2501/351/52 2502/352/52 2499/349/52
f 2503/353/53 2504/354/53 2505/355/53
f 2505/355/53 2506/356/53 2503/353/53
f 2507/357/53 2508/358/53 2509/359/53
f 2509/359/53 2510/360/53 2507/357/53
f 2511/361/53 2512/362/53 2513/363/53
f 2513/363/53 2514/364/53 2511/361/53
f 2515/365/53 2516/366/53 2517/367/53
f 2517/367/53 2518/368/53 2515/365/53
f 2519/369/53 2520/370/53 2521/371/53
f 2521/371/53 2522/372/53 2519/369/53
f 2523/373/53 2524/374/53 2525/375/53
f 2525/375/53 2526/376/53 2523/373/53
f 2527/377/54 2528/378/54 2529/379/54
f 2529/379/54 2530/380/54 2527/377/54
f 2531/381/54 2532/382/54 2533/383/54
f 2533/383/54 2534/384/54 2531/381/54
f 2535/385/54 2536/386/54 2537/387/54
f 2537/387/54 2538/388/54 2535/385/54
f 2539/389/54 2540/390/54 2541/391/54
f 2541/391/54 2542/392/54 2539/389/54
f 2543/393/54 2544/394/54 2545/395/54
f 2545/395/54 2546/396/54 2543/393/54
f 2547/397/54 2548/398/54 2549/399/54
f 2549/399/54 2550/400/54 2547/397/54
f 2551/401/54 2552/402/54 2553/403/54
f 2553/403/54 2554/404/54 2551/401/54
f 2555/405/54 2556/406/54 2557/407/54
f 2557/407/54 2558/408/54 2555/405/54
f 2559/409/54 2560/410/54 2561/411/54
f 2561/411/54 2562/412/54 2559/409/54
f 2563/413/54 2564/414/54 2565/415/54
f 2565/415/54 2566/416/54 2563/413/54
f 2567/417/54 2568/418/54 2569/419/54
f 2569/419/54 2570/420/54 2567/417/54
f 2571/421/54 2572/422/54 2573/423/54
f 2573/423/54 2574/424/54 2571/421/54
f 2575/425/54 2576/426/54 2577/427/54
f 2577/427/54 2578/428/54 2575/425/54
f 2579/429/55 2580/430/55 2581/431/55
f 2581/431/55 2582/432/55 2579/429/55
f 2583/433/55 2584/434/55 2585/435/55
f 2585/435/55 2586/436/55 2583/433/55
f 2587/437/55 2588/438/55 2589/439/55
f 2589/439/55 2590/440/55 2587/437/55
f 2591/441/55 2592/442/55 2593/443/55
f 2593/443/55 2594/444/55 2591/441/55
f 2595/445/55 2596/446/55 2597/447/55
f 2597/447/55 2598/448/55 2595/445/55
f 2599/449/55 2600/450/55 2601/451/55
f 2601/451/55 2602/452/55 2599/449/55
usemtl None_medicsubsta_fundament.png
f 2799/453/50 2800/454/50 2801/455/50
f 2801/455/50 2802/456/50 2799/453/50
f 2803/457/48 2804/458/48 2805/459/48
f 2805/459/48 2806/460/48 2803/457/48
f 2807/461/51 2808/462/51 2809/463/51
f 2809/463/51 2810/464/51 2807/461/51
f 2811/465/49 2812/466/49 2813/467/49
f 2813/467/49 2814/468/49 2811/465/49
usemtl None_medicsubsta_lights.png
f 715/469/56 716/470/57 717/471/58
f 717/471/58 718/472/59 715/469/56
f 717/471/58 719/473/60 720/474/61
f 717/471/58 720/474/61 721/475/62
f 717/471/58 721/475/62 722/476/63
f 723/477/64 718/472/59 717/471/58
f 717/471/58 722/476/63 723/477/64
f 718/472/59 723/477/64 724/478/65
f 718/472/59 724/478/65 725/479/66
f 718/472/59 725/479/66 726/480/67
f 727/481/68 715/469/56 718/472/59
f 718/472/59 726/480/67 727/481/68
f 715/469/56 727/481/68 728/482/69
f 715/469/56 728/482/69 729/483/70
f 715/469/56 729/483/70 730/484/71
f 731/485/72 716/470/57 715/469/56
f 715/469/56 730/484/71 731/485/72
f 716/470/57 731/485/72 732/486/73
f 716/470/57 732/486/73 733/487/74
f 716/470/57 733/487/74 734/488/75
f 719/473/60 717/471/58 716/470/57
f 716/470/57 734/488/75 719/473/60
f 735/489/76 720/474/61 719/473/60
f 719/473/60 736/490/77 735/489/76
f 737/491/78 721/475/62 720/474/61
f 720/474/61 735/489/76 737/491/78
f 738/492/79 722/476/63 721/475/62
f 721/475/62 737/491/78 738/492/79
f 739/493/80 723/477/64 722/476/63
f 722/476/63 738/492/79 739/493/80
f 740/494/81 724/478/65 723/477/64
f 723/477/64 739/493/80 740/494/81
f 741/495/82 725/479/66 724/478/65
f 724/478/65 740/494/81 741/495/82
f 742/496/83 726/480/67 725/479/66
f 725/479/66 741/495/82 742/496/83
f 743/497/84 727/481/68 726/480/67
f 726/480/67 742/496/83 743/497/84
f 744/498/85 728/482/69 727/481/68
f 727/481/68 743/497/84 744/498/85
f 745/499/86 729/483/70 728/482/69
f 728/482/69 744/498/85 745/499/86
f 746/500/87 730/484/71 729/483/70
f 729/483/70 745/499/86 746/500/87
f 747/501/88 731/485/72 730/484/71
f 730/484/71 746/500/87 747/501/88
f 748/502/89 732/486/73 731/485/72
f 731/485/72 747/501/88 748/502/89
f 749/503/90 733/487/74 732/486/73
f 732/486/73 748/502/89 749/503/90
f 750/504/91 734/488/75 733/487/74
f 733/487/74 749/503/90 750/504/91
f 736/490/77 719/473/60 734/488/75
f 734/488/75 750/504/91 736/490/77
f 751/505/92 735/489/76 736/490/77
f 736/490/77 752/506/93 751/505/92
f 753/507/94 737/491/78 735/489/76
f 735/489/76 751/505/92 753/507/94
f 754/508/95 738/492/79 737/491/78
f 737/491/78 753/507/94 754/508/95
f 755/509/96 739/493/80 738/492/79
f 738/492/79 754/508/95 755/509/96
f 756/510/97 740/494/81 739/493/80
f 739/493/80 755/509/96 756/510/97
f 757/511/98 741/495/82 740/494/81
f 740/494/81 756/510/97 757/511/98
f 758/512/99 742/496/83 741/495/82
f 741/495/82 757/511/98 758/512/99
f 759/513/100 743/497/84 742/496/83
f 742/496/83 758/512/99 759/513/100
f 760/514/101 744/498/85 743/497/84
f 743/497/84 759/513/100 760/514/101
f 761/515/102 745/499/86 744/498/85
f 744/498/85 760/514/101 761/515/102
f 762/516/103 746/500/87 745/499/86
f 745/499/86 761/515/102 762/516/103
f 763/517/104 747/501/88 746/500/87
f 746/500/87 762/516/103 763/517/104
f 764/518/105 748/502/89 747/501/88
f 747/501/88 763/517/104 764/518/105
f 765/519/106 749/503/90 748/502/89
f 748/502/89 764/518/105 765/519/106
f 766/520/107 750/504/91 749/503/90
f 749/503/90 765/519/106 766/520/107
f 752/506/93 736/490/77 750/504/91
f 750/504/91 766/520/107 752/506/93
f 767/521/108 768/522/108 769/523/109
f 769/523/109 770/524/109 767/521/108
f 771/525/110 772/526/110 768/522/108
f 768/522/108 767/521/108 771/525/110
f 773/527/111 774/528/111 772/526/110
f 772/526/110 771/525/110 773/527/111
f 775/529/112 776/530/112 774/528/111
f 774/528/111 773/527/111 775/529/112
f 777/531/113 778/532/113 776/530/112
f 776/530/112 775/529/112 777/531/113
f 779/533/114 780/534/115 778/532/113
f 778/532/113 777/531/113 779/533/114
f 781/535/116 782/536/117 780/534/115
f 780/534/115 779/533/114 781/535/116
f 783/537/118 784/538/118 782/536/117
f 782/536/117 781/535/116 783/537/118
f 785/539/119 786/540/120 784/538/118
f 784/538/118 783/537/118 785/539/119
f 787/541/121 788/542/121 786/540/120
f 786/540/120 785/539/119 787/541/121
f 789/543/122 790/544/122 788/542/121
f 788/542/121 787/541/121 789/543/122
f 791/545/123 792/546/123 790/544/122
f 790/544/122 789/543/122 791/545/123
f 793/547/124 794/548/124 792/546/123
f 792/546/123 791/545/123 793/547/124
f 795/549/125 796/550/125 794/548/124
f 794/548/124 793/547/124 795/549/125
f 797/551/126 798/552/127 796/550/125
f 796/550/125 795/549/125 797/551/126
f 799/553/51 800/554/51 798/552/127
f 798/552/127 797/551/126 799/553/51
f 801/555/128 802/556/129 803/557/130
f 803/557/130 802/556/129 804/558/131
f 804/558/131 802/556/129 805/559/132
f 805/559/132 802/556/129 806/560/133
f 806/560/133 802/556/129 807/561/134
f 807/561/134 802/556/129 808/562/135
f 808/562/135 802/556/129 809/563/136
f 809/563/136 802/556/129 810/564/137
f 810/564/137 802/556/129 811/565/138
f 811/565/138 802/556/129 812/566/139
f 812/566/139 802/556/129 813/567/140
f 813/567/140 802/556/129 814/568/141
f 814/568/141 802/556/129 815/569/142
f 815/569/142 802/556/129 816/570/143
f 816/570/143 802/556/129 817/571/144
f 817/571/144 802/556/129 801/555/128
f 818/572/56 819/573/57 820/574/145
f 820/574/145 821/575/59 818/572/56
f 820/574/145 822/576/146 823/577/147
f 820/574/145 823/577/147 824/578/148
f 820/574/145 824/578/148 825/579/149
f 826/580/64 821/575/59 820/574/145
f 820/574/145 825/579/149 826/580/64
f 821/575/59 826/580/64 827/581/150
f 821/575/59 827/581/150 828/582/151
f 821/575/59 828/582/151 829/583/67
f 830/584/68 818/572/56 821/575/59
f 821/575/59 829/583/67 830/584/68
f 818/572/56 830/584/68 831/585/152
f 818/572/56 831/585/152 832/586/153
f 818/572/56 832/586/153 833/587/154
f 834/588/72 819/573/57 818/572/56
f 818/572/56 833/587/154 834/588/72
f 819/573/57 834/588/72 835/589/155
f 819/573/57 835/589/155 836/590/156
f 819/573/57 836/590/156 837/591/75
f 822/576/146 820/574/145 819/573/57
f 819/573/57 837/591/75 822/576/146
f 838/592/157 823/577/147 822/576/146
f 822/576/146 839/593/77 838/592/157
f 840/594/158 824/578/148 823/577/147
f 823/577/147 838/592/157 840/594/158
f 841/595/79 825/579/149 824/578/148
f 824/578/148 840/594/158 841/595/79
f 842/596/80 826/580/64 825/579/149
f 825/579/149 841/595/79 842/596/80
f 843/597/159 827/581/150 826/580/64
f 826/580/64 842/596/80 843/597/159
f 844/598/160 828/582/151 827/581/150
f 827/581/150 843/597/159 844/598/160
f 845/599/161 829/583/67 828/582/151
f 828/582/151 844/598/160 845/599/161
f 846/600/84 830/584/68 829/583/67
f 829/583/67 845/599/161 846/600/84
f 847/601/162 831/585/152 830/584/68
f 830/584/68 846/600/84 847/601/162
f 848/602/86 832/586/153 831/585/152
f 831/585/152 847/601/162 848/602/86
f 849/603/87 833/587/154 832/586/153
f 832/586/153 848/602/86 849/603/87
f 850/604/88 834/588/72 833/587/154
f 833/587/154 849/603/87 850/604/88
f 851/605/163 835/589/155 834/588/72
f 834/588/72 850/604/88 851/605/163
f 852/606/164 836/590/156 835/589/155
f 835/589/155 851/605/163 852/606/164
f 853/607/91 837/591/75 836/590/156
f 836/590/156 852/606/164 853/607/91
f 839/593/77 822/576/146 837/591/75
f 837/591/75 853/607/91 839/593/77
f 854/608/92 838/592/157 839/593/77
f 839/593/77 855/609/165 854/608/92
f 856/610/166 840/594/158 838/592/157
f 838/592/157 854/608/92 856/610/166
f 857/611/167 841/595/79 840/594/158
f 840/594/158 856/610/166 857/611/167
f 858/612/168 842/596/80 841/595/79
f 841/595/79 857/611/167 858/612/168
f 859/613/169 843/597/159 842/596/80
f 842/596/80 858/612/168 859/613/169
f 860/614/98 844/598/160 843/597/159
f 843/597/159 859/613/169 860/614/98
f 861/615/170 845/599/161 844/598/160
f 844/598/160 860/614/98 861/615/170
f 862/616/171 846/600/84 845/599/161
f 845/599/161 861/615/170 862/616/171
f 863/617/172 847/601/162 846/600/84
f 846/600/84 862/616/171 863/617/172
f 864/618/173 848/602/86 847/601/162
f 847/601/162 863/617/172 864/618/173
f 865/619/174 849/603/87 848/602/86
f 848/602/86 864/618/173 865/619/174
f 866/620/175 850/604/88 849/603/87
f 849/603/87 865/619/174 866/620/175
f 867/621/176 851/605/163 850/604/88
f 850/604/88 866/620/175 867/621/176
f 868/622/177 852/606/164 851/605/163
f 851/605/163 867/621/176 868/622/177
f 869/623/178 853/607/91 852/606/164
f 852/606/164 868/622/177 869/623/178
f 855/609/165 839/593/77 853/607/91
f 853/607/91 869/623/178 855/609/165
f 870/624/108 871/625/179 872/626/180
f 872/626/180 873/627/109 870/624/108
f 874/628/110 875/629/110 871/625/179
f 871/625/179 870/624/108 874/628/110
f 876/630/111 877/631/111 875/629/110
f 875/629/110 874/628/110 876/630/111
f 878/632/112 879/633/112 877/631/111
f 877/631/111 876/630/111 878/632/112
f 880/634/113 881/635/113 879/633/112
f 879/633/112 878/632/112 880/634/113
f 882/636/114 883/637/114 881/635/113
f 881/635/113 880/634/113 882/636/114
f 884/638/181 885/639/117 883/637/114
f 883/637/114 882/636/114 884/638/181
f 886/640/182 887/641/118 885/639/117
f 885/639/117 884/638/181 886/640/182
f 888/642/120 889/643/119 887/641/118
f 887/641/118 886/640/182 888/642/120
f 890/644/121 891/645/121 889/643/119
f 889/643/119 888/642/120 890/644/121
f 892/646/122 893/647/122 891/645/121
f 891/645/121 890/644/121 892/646/122
f 894/648/123 895/649/123 893/647/122
f 893/647/122 892/646/122 894/648/123
f 896/650/183 897/651/124 895/649/123
f 895/649/123 894/648/123 896/650/183
f 898/652/184 899/653/125 897/651/124
f 897/651/124 896/650/183 898/652/184
f 900/654/126 901/655/126 899/653/125
f 899/653/125 898/652/184 900/654/126
f 902/656/51 903/657/51 901/655/126
f 901/655/126 900/654/126 902/656/51
f 904/658/185 905/659/129 906/660/186
f 906/660/186 905/659/129 907/661/187
f 907/661/187 905/659/129 908/662/188
f 908/662/188 905/659/129 909/663/189
f 909/663/189 905/659/129 910/664/190
f 910/664/190 905/659/129 911/665/191
f 911/665/191 905/659/129 912/666/192
f 912/666/192 905/659/129 913/667/193
f 913/667/193 905/659/129 914/668/138
f 914/668/138 905/659/129 915/669/139
f 915/669/139 905/659/129 916/670/140
f 916/670/140 905/659/129 917/671/141
f 917/671/141 905/659/129 918/672/194
f 918/672/194 905/659/129 919/673/195
f 919/673/195 905/659/129 920/674/196
f 920/674/196 905/659/129 904/658/185
f 921/675/56 922/676/57 923/677/58
f 923/677/58 924/678/59 921/675/56
f 923/677/58 925/679/197 926/680/61
f 923/677/58 926/680/61 927/681/198
f 923/677/58 927/681/198 928/682/63
f 929/683/199 924/678/59 923/677/58
f 923/677/58 928/682/63 929/683/199
f 924/678/59 929/683/199 930/684/65
f 924/678/59 930/684/65 931/685/200
f 924/678/59 931/685/200 932/686/67
f 933/687/201 921/675/56 924/678/59
f 924/678/59 932/686/67 933/687/201
f 921/675/56 933/687/201 934/688/202
f 921/675/56 934/688/202 935/689/70
f 921/675/56 935/689/70 936/690/203
f 937/691/72 922/676/57 921/675/56
f 921/675/56 936/690/203 937/691/72
f 922/676/57 937/691/72 938/692/204
f 922/676/57 938/692/204 939/693/156
f 922/676/57 939/693/156 940/694/205
f 925/679/197 923/677/58 922/676/57
f 922/676/57 940/694/205 925/679/197
f 941/695/206 926/680/61 925/679/197
f 925/679/197 942/696/207 941/695/206
f 943/697/208 927/681/198 926/680/61
f 926/680/61 941/695/206 943/697/208
f 944/698/79 928/682/63 927/681/198
f 927/681/198 943/697/208 944/698/79
f 945/699/80 929/683/199 928/682/63
f 928/682/63 944/698/79 945/699/80
f 946/700/81 930/684/65 929/683/199
f 929/683/199 945/699/80 946/700/81
f 947/701/82 931/685/200 930/684/65
f 930/684/65 946/700/81 947/701/82
f 948/702/209 932/686/67 931/685/200
f 931/685/200 947/701/82 948/702/209
f 949/703/84 933/687/201 932/686/67
f 932/686/67 948/702/209 949/703/84
f 950/704/210 934/688/202 933/687/201
f 933/687/201 949/703/84 950/704/210
f 951/705/86 935/689/70 934/688/202
f 934/688/202 950/704/210 951/705/86
f 952/706/87 936/690/203 935/689/70
f 935/689/70 951/705/86 952/706/87
f 953/707/211 937/691/72 936/690/203
f 936/690/203 952/706/87 953/707/211
f 954/708/212 938/692/204 937/691/72
f 937/691/72 953/707/211 954/708/212
f 955/709/164 939/693/156 938/692/204
f 938/692/204 954/708/212 955/709/164
f 956/710/91 940/694/205 939/693/156
f 939/693/156 955/709/164 956/710/91
f 942/696/207 925/679/197 940/694/205
f 940/694/205 956/710/91 942/696/207
f 957/711/92 941/695/206 942/696/207
f 942/696/207 958/712/213 957/711/92
f 959/713/94 943/697/208 941/695/206
f 941/695/206 957/711/92 959/713/94
f 960/714/167 944/698/79 943/697/208
f 943/697/208 959/713/94 960/714/167
f 961/715/96 945/699/80 944/698/79
f 944/698/79 960/714/167 961/715/96
f 962/716/97 946/700/81 945/699/80
f 945/699/80 961/715/96 962/716/97
f 963/717/98 947/701/82 946/700/81
f 946/700/81 962/716/97 963/717/98
f 964/718/214 948/702/209 947/701/82
f 947/701/82 963/717/98 964/718/214
f 965/719/100 949/703/84 948/702/209
f 948/702/209 964/718/214 965/719/100
f 966/720/172 950/704/210 949/703/84
f 949/703/84 965/719/100 966/720/172
f 967/721/102 951/705/86 950/704/210
f 950/704/210 966/720/172 967/721/102
f 968/722/103 952/706/87 951/705/86
f 951/705/86 967/721/102 968/722/103
f 969/723/104 953/707/211 952/706/87
f 952/706/87 968/722/103 969/723/104
f 970/724/105 954/708/212 953/707/211
f 953/707/211 969/723/104 970/724/105
f 971/725/106 955/709/164 954/708/212
f 954/708/212 970/724/105 971/725/106
f 972/726/215 956/710/91 955/709/164
f 955/709/164 971/725/106 972/726/215
f 958/712/213 942/696/207 956/710/91
f 956/710/91 972/726/215 958/712/213
f 973/727/108 974/728/108 975/729/109
f 975/729/109 976/730/109 973/727/108
f 977/731/110 978/732/110 974/728/108
f 974/728/108 973/727/108 977/731/110
f 979/733/111 980/734/111 978/732/110
f 978/732/110 977/731/110 979/733/111
f 981/735/112 982/736/112 980/734/111
f 980/734/111 979/733/111 981/735/112
f 983/737/113 984/738/113 982/736/112
f 982/736/112 981/735/112 983/737/113
f 985/739/114 986/740/115 984/738/113
f 984/738/113 983/737/113 985/739/114
f 987/741/116 988/742/117 986/740/115
f 986/740/115 985/739/114 987/741/116
f 989/743/118 990/744/118 988/742/117
f 988/742/117 987/741/116 989/743/118
f 991/745/119 992/746/119 990/744/118
f 990/744/118 989/743/118 991/745/119
f 993/747/121 994/748/121 992/746/119
f 992/746/119 991/745/119 993/747/121
f 995/749/122 996/750/122 994/748/121
f 994/748/121 993/747/121 995/749/122
f 997/751/123 998/752/123 996/750/122
f 996/750/122 995/749/122 997/751/123
f 999/753/124 1000/754/124 998/752/123
f 998/752/123 997/751/123 999/753/124
f 1001/755/125 1002/756/125 1000/754/124
f 1000/754/124 999/753/124 1001/755/125
f 1003/757/126 1004/758/126 1002/756/125
f 1002/756/125 1001/755/125 1003/757/126
f 1005/759/51 1006/760/51 1004/758/126
f 1004/758/126 1003/757/126 1005/759/51
f 1007/761/216 1008/762/129 1009/763/217
f 1009/763/217 1008/762/129 1010/764/218
f 1010/764/218 1008/762/129 1011/765/219
f 1011/765/219 1008/762/129 1012/766/220
f 1012/766/220 1008/762/129 1013/767/134
f 1013/767/134 1008/762/129 1014/768/135
f 1014/768/135 1008/762/129 1015/769/221
f 1015/769/221 1008/762/129 1016/770/222
f 1016/770/222 1008/762/129 1017/771/223
f 1017/771/223 1008/762/129 1018/772/139
f 1018/772/139 1008/762/129 1019/773/140
f 1019/773/140 1008/762/129 1020/774/141
f 1020/774/141 1008/762/129 1021/775/194
f 1021/775/194 1008/762/129 1022/776/224
f 1022/776/224 1008/762/129 1023/777/225
f 1023/777/225 1008/762/129 1007/761/216
f 1024/778/226 1025/779/57 1026/780/58
f 1026/780/58 1027/781/227 1024/778/226
f 1026/780/58 1028/782/60 1029/783/228
f 1026/780/58 1029/783/228 1030/784/229
f 1026/780/58 1030/784/229 1031/785/63
f 1032/786/64 1027/781/227 1026/780/58
f 1026/780/58 1031/785/63 1032/786/64
f 1027/781/227 1032/786/64 1033/787/65
f 1027/781/227 1033/787/65 1034/788/66
f 1027/781/227 1034/788/66 1035/789/67
f 1036/790/68 1024/778/226 1027/781/227
f 1027/781/227 1035/789/67 1036/790/68
f 1024/778/226 1036/790/68 1037/791/230
f 1024/778/226 1037/791/230 1038/792/70
f 1024/778/226 1038/792/70 1039/793/154
f 1040/794/72 1025/779/57 1024/778/226
f 1024/778/226 1039/793/154 1040/794/72
f 1025/779/57 1040/794/72 1041/795/73
f 1025/779/57 1041/795/73 1042/796/231
f 1025/779/57 1042/796/231 1043/797/205
f 1028/782/60 1026/780/58 1025/779/57
f 1025/779/57 1043/797/205 1028/782/60
f 1044/798/206 1029/783/228 1028/782/60
f 1028/782/60 1045/799/207 1044/798/206
f 1046/800/208 1030/784/229 1029/783/228
f 1029/783/228 1044/798/206 1046/800/208
f 1047/801/79 1031/785/63 1030/784/229
f 1030/784/229 1046/800/208 1047/801/79
f 1048/802/80 1032/786/64 1031/785/63
f 1031/785/63 1047/801/79 1048/802/80
f 1049/803/232 1033/787/65 1032/786/64
f 1032/786/64 1048/802/80 1049/803/232
f 1050/804/82 1034/788/66 1033/787/65
f 1033/787/65 1049/803/232 1050/804/82
f 1051/805/209 1035/789/67 1034/788/66
f 1034/788/66 1050/804/82 1051/805/209
f 1052/806/84 1036/790/68 1035/789/67
f 1035/789/67 1051/805/209 1052/806/84
f 1053/807/85 1037/791/230 1036/790/68
f 1036/790/68 1052/806/84 1053/807/85
f 1054/808/86 1038/792/70 1037/791/230
f 1037/791/230 1053/807/85 1054/808/86
f 1055/809/87 1039/793/154 1038/792/70
f 1038/792/70 1054/808/86 1055/809/87
f 1056/810/88 1040/794/72 1039/793/154
f 1039/793/154 1055/809/87 1056/810/88
f 1057/811/89 1041/795/73 1040/794/72
f 1040/794/72 1056/810/88 1057/811/89
f 1058/812/164 1042/796/231 1041/795/73
f 1041/795/73 1057/811/89 1058/812/164
f 1059/813/91 1043/797/205 1042/796/231
f 1042/796/231 1058/812/164 1059/813/91
f 1045/799/207 1028/782/60 1043/797/205
f 1043/797/205 1059/813/91 1045/799/207
f 1060/814/92 1044/798/206 1045/799/207
f 1045/799/207 1061/815/233 1060/814/92
f 1062/816/94 1046/800/208 1044/798/206
f 1044/798/206 1060/814/92 1062/816/94
f 1063/817/167 1047/801/79 1046/800/208
f 1046/800/208 1062/816/94 1063/817/167
f 1064/818/96 1048/802/80 1047/801/79
f 1047/801/79 1063/817/167 1064/818/96
f 1065/819/97 1049/803/232 1048/802/80
f 1048/802/80 1064/818/96 1065/819/97
f 1066/820/234 1050/804/82 1049/803/232
f 1049/803/232 1065/819/97 1066/820/234
f 1067/821/99 1051/805/209 1050/804/82
f 1050/804/82 1066/820/234 1067/821/99
f 1068/822/100 1052/806/84 1051/805/209
f 1051/805/209 1067/821/99 1068/822/100
f 1069/823/172 1053/807/85 1052/806/84
f 1052/806/84 1068/822/100 1069/823/172
f 1070/824/102 1054/808/86 1053/807/85
f 1053/807/85 1069/823/172 1070/824/102
f 1071/825/174 1055/809/87 1054/808/86
f 1054/808/86 1070/824/102 1071/825/174
f 1072/826/235 1056/810/88 1055/809/87
f 1055/809/87 1071/825/174 1072/826/235
f 1073/827/105 1057/811/89 1056/810/88
f 1056/810/88 1072/826/235 1073/827/105
f 1074/828/177 1058/812/164 1057/811/89
f 1057/811/89 1073/827/105 1074/828/177
f 1075/829/107 1059/813/91 1058/812/164
f 1058/812/164 1074/828/177 1075/829/107
f 1061/815/233 1045/799/207 1059/813/91
f 1059/813/91 1075/829/107 1061/815/233
f 1076/830/108 1077/831/108 1078/832/109
f 1078/832/109 1079/833/109 1076/830/108
f 1080/834/110 1081/835/110 1077/831/108
f 1077/831/108 1076/830/108 1080/834/110
f 1082/836/111 1083/837/111 1081/835/110
f 1081/835/110 1080/834/110 1082/836/111
f 1084/838/112 1085/839/112 1083/837/111
f 1083/837/111 1082/836/111 1084/838/112
f 1086/840/113 1087/841/113 1085/839/112
f 1085/839/112 1084/838/112 1086/840/113
f 1088/842/114 1089/843/114 1087/841/113
f 1087/841/113 1086/840/113 1088/842/114
f 1090/844/116 1091/845/116 1089/843/114
f 1089/843/114 1088/842/114 1090/844/116
f 1092/846/182 1093/847/118 1091/845/116
f 1091/845/116 1090/844/116 1092/846/182
f 1094/848/119 1095/849/119 1093/847/118
f 1093/847/118 1092/846/182 1094/848/119
f 1096/850/121 1097/851/121 1095/849/119
f 1095/849/119 1094/848/119 1096/850/121
f 1098/852/122 1099/853/122 1097/851/121
f 1097/851/121 1096/850/121 1098/852/122
f 1100/854/123 1101/855/123 1099/853/122
f 1099/853/122 1098/852/122 1100/854/123
f 1102/856/124 1103/857/124 1101/855/123
f 1101/855/123 1100/854/123 1102/856/124
f 1104/858/125 1105/859/125 1103/857/124
f 1103/857/124 1102/856/124 1104/858/125
f 1106/860/126 1107/861/126 1105/859/125
f 1105/859/125 1104/858/125 1106/860/126
f 1108/862/51 1109/863/51 1107/861/126
f 1107/861/126 1106/860/126 1108/862/51
f 1110/864/236 1111/865/129 1112/866/130
f 1112/866/130 1111/865/129 1113/867/187
f 1113/867/187 1111/865/129 1114/868/219
f 1114/868/219 1111/865/129 1115/869/220
f 1115/869/220 1111/865/129 1116/870/134
f 1116/870/134 1111/865/129 1117/871/135
f 1117/871/135 1111/865/129 1118/872/221
f 1118/872/221 1111/865/129 1119/873/137
f 1119/873/137 1111/865/129 1120/874/138
f 1120/874/138 1111/865/129 1121/875/139
f 1121/875/139 1111/865/129 1122/876/140
f 1122/876/140 1111/865/129 1123/877/141
f 1123/877/141 1111/865/129 1124/878/142
f 1124/878/142 1111/865/129 1125/879/195
f 1125/879/195 1111/865/129 1126/880/144
f 1126/880/144 1111/865/129 1110/864/236
usemtl None_medicsubsta_grgewall.png
f 341/881/50 342/882/50 343/883/50
f 343/883/50 344/884/50 341/881/50
f 345/885/50 341/881/50 344/884/50
f 344/884/50 346/886/50 345/885/50
f 347/887/50 345/885/50 346/886/50
f 346/886/50 348/888/50 347/887/50
f 349/889/48 350/890/48 351/891/48
f 351/891/48 352/892/48 349/889/48
f 353/893/48 354/894/48 355/895/48
f 355/895/48 356/896/48 353/893/48
f 357/897/48 358/898/48 359/899/48
f 359/899/48 360/900/48 357/897/48
f 361/901/48 362/902/48 363/903/48
f 363/903/48 364/904/48 361/901/48
f 365/905/48 366/906/48 367/907/48
f 367/907/48 368/908/48 365/905/48
f 369/909/51 370/910/51 371/911/51
f 371/911/51 372/912/51 369/909/51
f 373/913/51 369/909/51 372/912/51
f 372/912/51 374/914/51 373/913/51
f 375/915/51 373/913/51 374/914/51
f 374/914/51 376/916/51 375/915/51
f 377/917/49 378/918/49 379/919/49
f 379/919/49 380/920/49 377/917/49
f 381/921/49 377/917/49 380/920/49
f 380/920/49 382/922/49 381/921/49
f 383/923/49 381/921/49 382/922/49
f 382/922/49 384/924/49 383/923/49
f 385/925/49 383/923/49 384/924/49
f 384/924/49 386/926/49 385/925/49
f 387/927/49 385/925/49 386/926/49
f 386/926/49 388/928/49 387/927/49
f 389/929/49 387/927/49 388/928/49
f 388/928/49 390/930/49 389/929/49
f 391/931/49 389/929/49 390/930/49
f 390/930/49 392/932/49 391/931/49
f 393/933/49 391/931/49 392/932/49
f 392/932/49 394/934/49 393/933/49
f 395/935/49 393/933/49 394/934/49
f 394/934/49 396/936/49 395/935/49
f 397/937/50 398/938/50 342/882/50
f 342/882/50 341/881/50 397/937/50
f 399/939/50 400/940/50 345/885/50
f 345/885/50 347/887/50 399/939/50
f 401/941/48 402/942/48 350/890/48
f 350/890/48 349/889/48 401/941/48
f 403/943/48 401/941/48 349/889/48
f 349/889/48 354/894/48 403/943/48
f 404/944/48 403/943/48 354/894/48
f 354/894/48 353/893/48 404/944/48
f 405/945/48 404/944/48 353/893/48
f 353/893/48 358/898/48 405/945/48
f 406/946/48 405/945/48 358/898/48
f 358/898/48 357/897/48 406/946/48
f 407/947/48 406/946/48 357/897/48
f 357/897/48 362/902/48 407/947/48
f 408/948/48 407/947/48 362/902/48
f 362/902/48 361/901/48 408/948/48
f 409/949/48 408/948/48 361/901/48
f 361/901/48 366/906/48 409/949/48
f 410/950/48 409/949/48 366/906/48
f 366/906/48 365/905/48 410/950/48
f 411/951/51 412/952/51 413/953/51
f 413/953/51 369/909/51 411/951/51
f 414/954/51 411/951/51 369/909/51
f 369/909/51 373/913/51 414/954/51
f 415/955/51 414/954/51 373/913/51
f 373/913/51 375/915/51 415/955/51
f 416/956/49 417/957/49 418/958/49
f 418/958/49 377/917/49 416/956/49
f 419/959/49 416/956/49 377/917/49
f 377/917/49 381/921/49 419/959/49
f 420/960/49 419/959/49 381/921/49
f 381/921/49 383/923/49 420/960/49
f 421/961/49 420/960/49 383/923/49
f 383/923/49 385/925/49 421/961/49
f 422/962/49 421/961/49 385/925/49
f 385/925/49 387/927/49 422/962/49
f 423/963/49 422/962/49 387/927/49
f 387/927/49 389/929/49 423/963/49
f 424/964/49 423/963/49 389/929/49
f 389/929/49 391/931/49 424/964/49
f 425/965/49 424/964/49 391/931/49
f 391/931/49 393/933/49 425/965/49
f 426/966/49 425/965/49 393/933/49
f 393/933/49 395/935/49 426/966/49
usemtl None_medicsubsta_fundamentt2.png
f 2603/967/237 2604/968/237 2605/969/237
f 2605/969/237 2606/970/237 2603/967/237
f 2607/971/237 2608/972/237 2609/973/237
f 2609/973/237 2610/974/237 2607/971/237
f 2611/975/237 2612/976/237 2613/977/237
f 2613/977/237 2614/978/237 2611/975/237
f 2615/979/237 2616/980/237 2617/981/237
f 2617/981/237 2618/982/237 2615/979/237
f 2619/983/238 2620/984/239 2621/985/240
f 2621/985/240 2622/986/241 2619/983/238
f 2620/984/239 2623/987/242 2624/988/243
f 2624/988/243 2621/985/240 2620/984/239
f 2623/987/242 2625/989/244 2626/990/245
f 2626/990/245 2624/988/243 2623/987/242
f 2625/989/244 2627/991/246 2628/992/247
f 2628/992/247 2626/990/245 2625/989/244
f 2627/991/246 2629/993/248 2630/994/249
f 2630/994/249 2628/992/247 2627/991/246
f 2629/993/248 2619/983/238 2622/986/241
f 2622/986/241 2630/994/249 2629/993/248
f 2622/986/241 2621/985/240 2631/995/250
f 2631/995/250 2632/996/251 2622/986/241
f 2621/985/240 2624/988/243 2633/997/252
f 2633/997/252 2631/995/250 2621/985/240
f 2624/988/243 2626/990/245 2634/998/253
f 2634/998/253 2633/997/252 2624/988/243
f 2626/990/245 2628/992/247 2635/999/254
f 2635/999/254 2634/998/253 2626/990/245
f 2628/992/247 2630/994/249 2636/1000/255
f 2636/1000/255 2635/999/254 2628/992/247
f 2630/994/249 2622/986/241 2632/996/251
f 2632/996/251 2636/1000/255 2630/994/249
f 2632/996/251 2631/995/250 2637/1001/256
f 2637/1001/256 2638/1002/257 2632/996/251
f 2631/995/250 2633/997/252 2639/1003/258
f 2639/1003/258 2637/1001/256 2631/995/250
f 2633/997/252 2634/998/253 2640/1004/259
f 2640/1004/259 2639/1003/258 2633/997/252
f 2634/998/253 2635/999/254 2641/1005/260
f 2641/1005/260 2640/1004/259 2634/998/253
f 2635/999/254 2636/1000/255 2642/1006/261
f 2642/1006/261 2641/1005/260 2635/999/254
f 2636/1000/255 2632/996/251 2638/1002/257
f 2638/1002/257 2642/1006/261 2636/1000/255
f 2638/1002/257 2637/1001/256 2643/1007/262
f 2643/1007/262 2644/1008/263 2638/1002/257
f 2637/1001/256 2639/1003/258 2645/1009/264
f 2645/1009/264 2643/1007/262 2637/1001/256
f 2639/1003/258 2640/1004/259 2646/1010/265
f 2646/1010/265 2645/1009/264 2639/1003/258
f 2640/1004/259 2641/1005/260 2647/1011/266
f 2647/1011/266 2646/1010/265 2640/1004/259
f 2641/1005/260 2642/1006/261 2648/1012/267
f 2648/1012/267 2647/1011/266 2641/1005/260
f 2642/1006/261 2638/1002/257 2644/1008/263
f 2644/1008/263 2648/1012/267 2642/1006/261
f 2644/1008/263 2643/1007/262 2649/1013/268
f 2649/1013/268 2650/1014/269 2644/1008/263
f 2651/1015/270 2652/1016/270 2653/1017/270
f 2653/1017/270 2654/1018/270 2651/1015/270
f 2645/1009/264 2646/1010/265 2655/1019/271
f 2655/1019/271 2656/1020/271 2645/1009/264
f 2646/1010/265 2647/1011/266 2657/1021/272
f 2657/1021/272 2658/1022/272 2646/1010/265
f 2659/1023/273 2648/1012/267 2660/1024/274
f 2660/1024/274 2661/1025/275 2659/1023/273
f 2648/1012/267 2644/1008/263 2650/1014/269
f 2650/1014/269 2660/1024/274 2648/1012/267
f 2627/991/246 2625/989/244 2623/987/242
f 2623/987/242 2620/984/239 2619/983/238
f 2627/991/246 2623/987/242 2619/983/238
f 2629/993/248 2627/991/246 2619/983/238
f 2649/1013/268 2662/1026/276 2663/1027/276
f 2663/1027/276 2661/1025/275 2660/1024/274
f 2649/1013/268 2663/1027/276 2660/1024/274
f 2650/1014/269 2649/1013/268 2660/1024/274
f 2664/1028/238 2665/1029/239 2666/1030/240
f 2666/1030/240 2667/1031/241 2664/1028/238
f 2665/1029/239 2668/1032/242 2669/1033/243
f 2669/1033/243 2666/1030/240 2665/1029/239
f 2668/1032/242 2670/1034/244 2671/1035/245
f 2671/1035/245 2669/1033/243 2668/1032/242
f 2670/1034/244 2672/1036/246 2673/1037/247
f 2673/1037/247 2671/1035/245 2670/1034/244
f 2672/1036/246 2674/1038/277 2675/1039/278
f 2675/1039/278 2673/1037/247 2672/1036/246
f 2674/1038/277 2664/1028/238 2667/1031/241
f 2667/1031/241 2675/1039/278 2674/1038/277
f 2667/1031/241 2666/1030/240 2676/1040/250
f 2676/1040/250 2677/1041/251 2667/1031/241
f 2666/1030/240 2669/1033/243 2678/1042/279
f 2678/1042/279 2676/1040/250 2666/1030/240
f 2669/1033/243 2671/1035/245 2679/1043/280
f 2679/1043/280 2678/1042/279 2669/1033/243
f 2671/1035/245 2673/1037/247 2680/1044/254
f 2680/1044/254 2679/1043/280 2671/1035/245
f 2673/1037/247 2675/1039/278 2681/1045/281
f 2681/1045/281 2680/1044/254 2673/1037/247
f 2675/1039/278 2667/1031/241 2677/1041/251
f 2677/1041/251 2681/1045/281 2675/1039/278
f 2677/1041/251 2676/1040/250 2682/1046/256
f 2682/1046/256 2683/1047/282 2677/1041/251
f 2676/1040/250 2678/1042/279 2684/1048/258
f 2684/1048/258 2682/1046/256 2676/1040/250
f 2678/1042/279 2679/1043/280 2685/1049/259
f 2685/1049/259 2684/1048/258 2678/1042/279
f 2679/1043/280 2680/1044/254 2686/1050/283
f 2686/1050/283 2685/1049/259 2679/1043/280
f 2680/1044/254 2681/1045/281 2687/1051/261
f 2687/1051/261 2686/1050/283 2680/1044/254
f 2681/1045/281 2677/1041/251 2683/1047/282
f 2683/1047/282 2687/1051/261 2681/1045/281
f 2683/1047/282 2682/1046/256 2688/1052/262
f 2688/1052/262 2689/1053/263 2683/1047/282
f 2682/1046/256 2684/1048/258 2690/1054/264
f 2690/1054/264 2688/1052/262 2682/1046/256
f 2684/1048/258 2685/1049/259 2691/1055/265
f 2691/1055/265 2690/1054/264 2684/1048/258
f 2685/1049/259 2686/1050/283 2692/1056/284
f 2692/1056/284 2691/1055/265 2685/1049/259
f 2686/1050/283 2687/1051/261 2693/1057/267
f 2693/1057/267 2692/1056/284 2686/1050/283
f 2687/1051/261 2683/1047/282 2689/1053/263
f 2689/1053/263 2693/1057/267 2687/1051/261
f 2689/1053/263 2688/1052/262 2694/1058/285
f 2694/1058/285 2695/1059/269 2689/1053/263
f 2696/1060/286 2697/1061/286 2698/1062/270
f 2698/1062/270 2699/1063/270 2696/1060/286
f 2690/1054/264 2691/1055/265 2700/1064/287
f 2700/1064/287 2701/1065/287 2690/1054/264
f 2691/1055/265 2692/1056/284 2702/1066/272
f 2702/1066/272 2703/1067/272 2691/1055/265
f 2704/1068/288 2693/1057/267 2705/1069/289
f 2705/1069/289 2706/1070/275 2704/1068/288
f 2693/1057/267 2689/1053/263 2695/1059/269
f 2695/1059/269 2705/1069/289 2693/1057/267
f 2672/1036/246 2670/1034/244 2668/1032/242
f 2668/1032/242 2665/1029/239 2664/1028/238
f 2672/1036/246 2668/1032/242 2664/1028/238
f 2674/1038/277 2672/1036/246 2664/1028/238
f 2694/1058/285 2707/1071/276 2708/1072/276
f 2708/1072/276 2706/1070/275 2705/1069/289
f 2694/1058/285 2708/1072/276 2705/1069/289
f 2695/1059/269 2694/1058/285 2705/1069/289
f 2709/1073/238 2710/1074/239 2711/1075/290
f 2711/1075/290 2712/1076/241 2709/1073/238
f 2710/1074/239 2713/1077/242 2714/1078/291
f 2714/1078/291 2711/1075/290 2710/1074/239
f 2713/1077/242 2715/1079/244 2716/1080/245
f 2716/1080/245 2714/1078/291 2713/1077/242
f 2715/1079/244 2717/1081/246 2718/1082/292
f 2718/1082/292 2716/1080/245 2715/1079/244
f 2717/1081/246 2719/1083/277 2720/1084/278
f 2720/1084/278 2718/1082/292 2717/1081/246
f 2719/1083/277 2709/1073/238 2712/1076/241
f 2712/1076/241 2720/1084/278 2719/1083/277
f 2712/1076/241 2711/1075/290 2721/1085/250
f 2721/1085/250 2722/1086/251 2712/1076/241
f 2711/1075/290 2714/1078/291 2723/1087/252
f 2723/1087/252 2721/1085/250 2711/1075/290
f 2714/1078/291 2716/1080/245 2724/1088/253
f 2724/1088/253 2723/1087/252 2714/1078/291
f 2716/1080/245 2718/1082/292 2725/1089/254
f 2725/1089/254 2724/1088/253 2716/1080/245
f 2718/1082/292 2720/1084/278 2726/1090/255
f 2726/1090/255 2725/1089/254 2718/1082/292
f 2720/1084/278 2712/1076/241 2722/1086/251
f 2722/1086/251 2726/1090/255 2720/1084/278
f 2722/1086/251 2721/1085/250 2727/1091/256
f 2727/1091/256 2728/1092/282 2722/1086/251
f 2721/1085/250 2723/1087/252 2729/1093/258
f 2729/1093/258 2727/1091/256 2721/1085/250
f 2723/1087/252 2724/1088/253 2730/1094/259
f 2730/1094/259 2729/1093/258 2723/1087/252
f 2724/1088/253 2725/1089/254 2731/1095/293
f 2731/1095/293 2730/1094/259 2724/1088/253
f 2725/1089/254 2726/1090/255 2732/1096/261
f 2732/1096/261 2731/1095/293 2725/1089/254
f 2726/1090/255 2722/1086/251 2728/1092/282
f 2728/1092/282 2732/1096/261 2726/1090/255
f 2728/1092/282 2727/1091/256 2733/1097/262
f 2733/1097/262 2734/1098/263 2728/1092/282
f 2727/1091/256 2729/1093/258 2735/1099/264
f 2735/1099/264 2733/1097/262 2727/1091/256
f 2729/1093/258 2730/1094/259 2736/1100/265
f 2736/1100/265 2735/1099/264 2729/1093/258
f 2730/1094/259 2731/1095/293 2737/1101/294
f 2737/1101/294 2736/1100/265 2730/1094/259
f 2731/1095/293 2732/1096/261 2738/1102/267
f 2738/1102/267 2737/1101/294 2731/1095/293
f 2732/1096/261 2728/1092/282 2734/1098/263
f 2734/1098/263 2738/1102/267 2732/1096/261
f 2734/1098/263 2733/1097/262 2739/1103/268
f 2739/1103/268 2740/1104/269 2734/1098/263
f 2741/1105/270 2742/1106/270 2743/1107/270
f 2743/1107/270 2744/1108/270 2741/1105/270
f 2735/1099/264 2736/1100/265 2745/1109/271
f 2745/1109/271 2746/1110/271 2735/1099/264
f 2736/1100/265 2737/1101/294 2747/1111/272
f 2747/1111/272 2748/1112/272 2736/1100/265
f 2749/1113/288 2738/1102/267 2750/1114/289
f 2750/1114/289 2751/1115/275 2749/1113/288
f 2738/1102/267 2734/1098/263 2740/1104/269
f 2740/1104/269 2750/1114/289 2738/1102/267
f 2717/1081/246 2715/1079/244 2713/1077/242
f 2713/1077/242 2710/1074/239 2709/1073/238
f 2717/1081/246 2713/1077/242 2709/1073/238
f 2719/1083/277 2717/1081/246 2709/1073/238
f 2739/1103/268 2752/1116/276 2753/1117/276
f 2753/1117/276 2751/1115/275 2750/1114/289
f 2739/1103/268 2753/1117/276 2750/1114/289
f 2740/1104/269 2739/1103/268 2750/1114/289
f 2754/1118/238 2755/1119/295 2756/1120/290
f 2756/1120/290 2757/1121/241 2754/1118/238
f 2755/1119/295 2758/1122/242 2759/1123/296
f 2759/1123/296 2756/1120/290 2755/1119/295
f 2758/1122/242 2760/1124/244 2761/1125/245
f 2761/1125/245 2759/1123/296 2758/1122/242
f 2760/1124/244 2762/1126/246 2763/1127/292
f 2763/1127/292 2761/1125/245 2760/1124/244
f 2762/1126/246 2764/1128/248 2765/1129/249
f 2765/1129/249 2763/1127/292 2762/1126/246
f 2764/1128/248 2754/1118/238 2757/1121/241
f 2757/1121/241 2765/1129/249 2764/1128/248
f 2757/1121/241 2756/1120/290 2766/1130/250
f 2766/1130/250 2767/1131/251 2757/1121/241
f 2756/1120/290 2759/1123/296 2768/1132/252
f 2768/1132/252 2766/1130/250 2756/1120/290
f 2759/1123/296 2761/1125/245 2769/1133/253
f 2769/1133/253 2768/1132/252 2759/1123/296
f 2761/1125/245 2763/1127/292 2770/1134/254
f 2770/1134/254 2769/1133/253 2761/1125/245
f 2763/1127/292 2765/1129/249 2771/1135/255
f 2771/1135/255 2770/1134/254 2763/1127/292
f 2765/1129/249 2757/1121/241 2767/1131/251
f 2767/1131/251 2771/1135/255 2765/1129/249
f 2767/1131/251 2766/1130/250 2772/1136/256
f 2772/1136/256 2773/1137/282 2767/1131/251
f 2766/1130/250 2768/1132/252 2774/1138/258
f 2774/1138/258 2772/1136/256 2766/1130/250
f 2768/1132/252 2769/1133/253 2775/1139/259
f 2775/1139/259 2774/1138/258 2768/1132/252
f 2769/1133/253 2770/1134/254 2776/1140/260
f 2776/1140/260 2775/1139/259 2769/1133/253
f 2770/1134/254 2771/1135/255 2777/1141/261
f 2777/1141/261 2776/1140/260 2770/1134/254
f 2771/1135/255 2767/1131/251 2773/1137/282
f 2773/1137/282 2777/1141/261 2771/1135/255
f 2773/1137/282 2772/1136/256 2778/1142/262
f 2778/1142/262 2779/1143/263 2773/1137/282
f 2772/1136/256 2774/1138/258 2780/1144/264
f 2780/1144/264 2778/1142/262 2772/1136/256
f 2774/1138/258 2775/1139/259 2781/1145/265
f 2781/1145/265 2780/1144/264 2774/1138/258
f 2775/1139/259 2776/1140/260 2782/1146/266
f 2782/1146/266 2781/1145/265 2775/1139/259
f 2776/1140/260 2777/1141/261 2783/1147/267
f 2783/1147/267 2782/1146/266 2776/1140/260
f 2777/1141/261 2773/1137/282 2779/1143/263
f 2779/1143/263 2783/1147/267 2777/1141/261
f 2779/1143/263 2778/1142/262 2784/1148/268
f 2784/1148/268 2785/1149/269 2779/1143/263
f 2786/1150/270 2787/1151/270 2788/1152/270
f 2788/1152/270 2789/1153/270 2786/1150/270
f 2780/1144/264 2781/1145/265 2790/1154/271
f 2790/1154/271 2791/1155/271 2780/1144/264
f 2781/1145/265 2782/1146/266 2792/1156/272
f 2792/1156/272 2793/1157/272 2781/1145/265
f 2794/1158/273 2783/1147/267 2795/1159/289
f 2795/1159/289 2796/1160/275 2794/1158/273
f 2783/1147/267 2779/1143/263 2785/1149/269
f 2785/1149/269 2795/1159/289 2783/1147/267
f 2762/1126/246 2760/1124/244 2758/1122/242
f 2758/1122/242 2755/1119/295 2754/1118/238
f 2762/1126/246 2758/1122/242 2754/1118/238
f 2764/1128/248 2762/1126/246 2754/1118/238
f 2784/1148/268 2797/1161/276 2798/1162/276
f 2798/1162/276 2796/1160/275 2795/1159/289
f 2784/1148/268 2798/1162/276 2795/1159/289
f 2785/1149/269 2784/1148/268 2795/1159/289
usemtl None_medicsubsta_podezdupper.png
f 197/1163/50 198/1164/50 199/1165/50
f 199/1165/50 200/1166/50 197/1163/50
f 201/1167/297 202/1168/297 203/1169/297
f 203/1169/297 204/1170/297 201/1167/297
f 205/1171/51 206/1172/51 207/1173/51
f 207/1173/51 208/1174/51 205/1171/51
f 209/1175/50 210/1176/50 211/1177/50
f 211/1177/50 212/1178/50 209/1175/50
f 213/1179/297 214/1180/297 215/1181/297
f 215/1181/297 216/1182/297 213/1179/297
f 217/1183/51 218/1184/51 219/1185/51
f 219/1185/51 220/1186/51 217/1183/51
f 221/1187/50 222/1188/50 223/1189/50
f 223/1189/50 224/1190/50 221/1187/50
f 225/1191/297 226/1192/297 227/1193/297
f 227/1193/297 228/1194/297 225/1191/297
f 229/1195/51 230/1196/51 231/1197/51
f 231/1197/51 232/1198/51 229/1195/51
f 233/1199/50 234/1200/50 235/1201/50
f 235/1201/50 236/1202/50 233/1199/50
f 237/1203/297 238/1204/297 239/1205/297
f 239/1205/297 240/1206/297 237/1203/297
f 241/1207/51 242/1208/51 243/1209/51
f 243/1209/51 244/1210/51 241/1207/51
f 245/1211/298 246/1212/298 247/1213/298
f 247/1213/298 248/1214/298 245/1211/298
f 249/1215/51 250/1216/51 251/1217/51
f 251/1217/51 252/1218/51 249/1215/51
f 253/1219/48 254/1220/48 255/1221/48
f 255/1221/48 256/1222/48 253/1219/48
f 257/1223/49 258/1224/49 259/1225/49
f 259/1225/49 260/1226/49 257/1223/49
f 261/1227/299 262/1228/299 263/1229/299
f 263/1229/299 264/1230/299 261/1227/299
f 265/1231/300 266/1232/300 267/1233/300
f 267/1233/300 268/1234/300 265/1231/300
usemtl None_medicsubsta_cretetails.png
f 1209/1235/47 1210/1236/47 1211/1237/47
f 1211/1237/47 1212/1238/47 1209/1235/47
f 1213/1239/47 1214/1240/47 1215/1241/47
f 1215/1241/47 1216/1242/47 1213/1239/47
usemtl None_medicsubsta_enterdoor.png
f 2433/1243/50 2434/1244/50 2435/1245/50
f 2435/1245/50 2436/1246/50 2433/1243/50
usemtl None_medicsubsta_name_flush.png
f 269/1247/297 270/1248/297 271/1249/297
f 271/1249/297 272/1250/297 269/1247/297
f 273/1251/47 274/1252/47 275/1253/47
f 275/1253/47 276/1254/47 273/1251/47
f 277/1255/50 278/1256/50 279/1257/50
f 279/1257/50 280/1258/50 277/1255/50
f 281/1259/48 282/1260/48 283/1261/48
f 283/1261/48 284/1262/48 281/1259/48
f 285/1263/49 286/1264/49 287/1265/49
f 287/1265/49 288/1266/49 285/1263/49
usemtl None_medicsubsta_krest.png
f 1127/1267/53 1128/1268/53 1129/1269/53
f 1129/1269/53 1130/1270/53 1127/1267/53
f 1131/1271/53 1132/1272/53 1133/1273/53
f 1133/1273/53 1134/1274/53 1131/1271/53
f 1135/1275/53 1136/1276/53 1137/1277/53
f 1137/1277/53 1138/1278/53 1135/1275/53
f 1139/1279/53 1140/1280/53 1141/1281/53
f 1141/1281/53 1142/1282/53 1139/1279/53
f 1143/1283/53 1144/1284/53 1145/1285/53
f 1145/1285/53 1146/1286/53 1143/1283/53
f 1147/1287/53 1148/1288/53 1149/1289/53
f 1149/1289/53 1150/1290/53 1147/1287/53
f 1151/1291/53 1152/1292/53 1153/1293/53
f 1153/1293/53 1154/1294/53 1151/1291/53
f 1155/1295/55 1156/1296/55 1157/1297/55
f 1157/1297/55 1158/1298/55 1155/1295/55
f 1159/1299/55 1160/1300/55 1161/1301/55
f 1161/1301/55 1162/1302/55 1159/1299/55
f 1163/1303/55 1164/1304/55 1165/1305/55
f 1165/1305/55 1166/1306/55 1163/1303/55
f 1167/1307/55 1168/1308/55 1169/1309/55
f 1169/1309/55 1170/1310/55 1167/1307/55
f 1171/1311/55 1172/1312/55 1173/1313/55
f 1173/1313/55 1174/1314/55 1171/1311/55
f 1175/1315/55 1176/1316/55 1177/1317/55
f 1177/1317/55 1178/1318/55 1175/1315/55
f 1179/1319/55 1180/1320/55 1181/1321/55
f 1181/1321/55 1182/1322/55 1179/1319/55
f 1199/1323/50 1200/1324/50 1201/1325/50
f 1201/1325/50 1202/1326/50 1199/1323/50
f 1200/1324/50 1203/1327/50 1204/1328/50
f 1204/1328/50 1201/1325/50 1200/1324/50
f 1203/1327/50 1205/1329/50 1206/1330/50
f 1206/1330/50 1204/1328/50 1203/1327/50
f 1204/1328/50 1206/1330/50 1207/1331/50
f 1202/1326/50 1201/1325/50 1208/1332/50
usemtl None_medicsubsta_creteborder.png
f 443/1333/47 444/1334/47 445/1335/47
f 445/1335/47 446/1336/47 443/1333/47
f 447/1337/47 448/1338/47 449/1339/47
f 449/1339/47 450/1340/47 447/1337/47
f 451/1341/47 452/1342/47 453/1343/47
f 453/1343/47 454/1344/47 451/1341/47
f 455/1345/47 456/1346/47 457/1347/47
f 457/1347/47 458/1348/47 455/1345/47
f 459/1349/47 460/1350/47 461/1351/47
f 461/1351/47 462/1352/47 459/1349/47
f 463/1353/47 464/1354/47 465/1355/47
f 465/1355/47 466/1356/47 463/1353/47
f 467/1357/47 468/1358/47 469/1359/47
f 469/1359/47 470/1360/47 467/1357/47
f 471/1361/47 472/1362/47 473/1363/47
f 473/1363/47 474/1364/47 471/1361/47
f 475/1365/47 476/1366/47 477/1367/47
f 477/1367/47 478/1368/47 475/1365/47
f 479/1369/47 480/1370/47 481/1371/47
f 481/1371/47 482/1372/47 479/1369/47
f 483/1373/47 484/1374/47 485/1375/47
f 485/1375/47 486/1376/47 483/1373/47
f 487/1377/47 488/1378/47 489/1379/47
f 489/1379/47 490/1380/47 487/1377/47
f 491/1381/47 492/1382/47 493/1383/47
f 493/1383/47 494/1384/47 491/1381/47
f 495/1385/47 496/1386/47 497/1387/47
f 497/1387/47 498/1388/47 495/1385/47
f 499/1389/47 500/1390/47 501/1391/47
f 501/1391/47 502/1392/47 499/1389/47
f 503/1393/47 504/1394/47 505/1395/47
f 505/1395/47 506/1396/47 503/1393/47
f 507/1397/47 508/1398/47 509/1399/47
f 509/1399/47 510/1400/47 507/1397/47
f 511/1401/47 512/1402/47 513/1403/47
f 513/1403/47 514/1404/47 511/1401/47
f 515/1405/50 516/1406/50 517/1407/50
f 517/1407/50 518/1408/50 515/1405/50
f 519/1409/51 520/1410/51 521/1411/51
f 521/1411/51 522/1412/51 519/1409/51
f 523/1413/50 524/1414/50 525/1415/50
f 525/1415/50 526/1416/50 523/1413/50
f 527/1417/51 528/1418/51 529/1419/51
f 529/1419/51 530/1420/51 527/1417/51
f 531/1421/50 532/1422/50 533/1423/50
f 533/1423/50 534/1424/50 531/1421/50
f 535/1425/51 536/1426/51 537/1427/51
f 537/1427/51 538/1428/51 535/1425/51
f 539/1429/50 540/1430/50 541/1431/50
f 541/1431/50 542/1432/50 539/1429/50
f 543/1433/51 544/1434/51 545/1435/51
f 545/1435/51 546/1436/51 543/1433/51
f 547/1437/50 548/1438/50 518/1408/50
f 518/1408/50 517/1407/50 547/1437/50
f 549/1439/48 550/1440/48 551/1441/48
f 551/1441/48 552/1442/48 549/1439/48
f 553/1443/51 554/1444/51 522/1412/51
f 522/1412/51 521/1411/51 553/1443/51
f 555/1445/49 556/1446/49 557/1447/49
f 557/1447/49 558/1448/49 555/1445/49
f 559/1449/50 560/1450/50 526/1416/50
f 526/1416/50 525/1415/50 559/1449/50
f 561/1451/48 562/1452/48 563/1453/48
f 563/1453/48 564/1454/48 561/1451/48
f 565/1455/51 566/1456/51 530/1420/51
f 530/1420/51 529/1419/51 565/1455/51
f 567/1457/49 568/1458/49 569/1459/49
f 569/1459/49 570/1460/49 567/1457/49
f 571/1461/50 572/1462/50 534/1424/50
f 534/1424/50 533/1423/50 571/1461/50
f 573/1463/48 574/1464/48 575/1465/48
f 575/1465/48 576/1466/48 573/1463/48
f 577/1467/51 578/1468/51 538/1428/51
f 538/1428/51 537/1427/51 577/1467/51
f 579/1469/49 580/1470/49 581/1471/49
f 581/1471/49 582/1472/49 579/1469/49
f 583/1473/50 584/1474/50 542/1432/50
f 542/1432/50 541/1431/50 583/1473/50
f 585/1475/48 586/1476/48 587/1477/48
f 587/1477/48 588/1478/48 585/1475/48
f 589/1479/51 590/1480/51 546/1436/51
f 546/1436/51 545/1435/51 589/1479/51
f 591/1481/49 592/1482/49 593/1483/49
f 593/1483/49 594/1484/49 591/1481/49
f 595/1485/47 596/1486/47 597/1487/47
f 597/1487/47 598/1488/47 595/1485/47
f 599/1489/49 600/1490/49 601/1491/49
f 601/1491/49 602/1492/49 599/1489/49
f 603/1493/297 604/1494/297 605/1495/297
f 605/1495/297 606/1496/297 603/1493/297
f 607/1497/48 608/1498/48 609/1499/48
f 609/1499/48 610/1500/48 607/1497/48
f 611/1501/301 612/1502/301 613/1503/301
f 613/1503/301 614/1504/301 611/1501/301
f 615/1505/47 616/1506/47 617/1507/47
f 617/1507/47 618/1508/47 615/1505/47
f 619/1509/302 620/1510/302 621/1511/302
f 621/1511/302 622/1512/302 619/1509/302
f 623/1513/47 624/1514/47 625/1515/47
f 625/1515/47 626/1516/47 623/1513/47
f 627/1517/303 628/1518/303 629/1519/303
f 629/1519/303 630/1520/303 627/1517/303
f 631/1521/47 632/1522/47 633/1523/47
f 633/1523/47 634/1524/47 631/1521/47
f 635/1525/304 636/1526/304 637/1527/304
f 637/1527/304 638/1528/304 635/1525/304
f 639/1529/47 640/1530/47 641/1531/47
f 641/1531/47 642/1532/47 639/1529/47
f 643/1533/305 644/1534/305 645/1535/305
f 645/1535/305 646/1536/305 643/1533/305
f 647/1537/47 648/1538/47 649/1539/47
f 649/1539/47 650/1540/47 647/1537/47
f 651/1541/306 652/1542/306 653/1543/306
f 653/1543/306 654/1544/306 651/1541/306
f 655/1545/47 656/1546/47 657/1547/47
f 657/1547/47 658/1548/47 655/1545/47
f 659/1549/49 660/1550/49 661/1551/49
f 661/1551/49 662/1552/49 659/1549/49
f 663/1553/297 664/1554/297 665/1555/297
f 665/1555/297 666/1556/297 663/1553/297
f 667/1557/48 668/1558/48 669/1559/48
f 669/1559/48 670/1560/48 667/1557/48
f 671/1561/307 672/1562/307 673/1563/307
f 673/1563/307 674/1564/307 671/1561/307
f 675/1565/308 676/1566/308 677/1567/308
f 677/1567/308 678/1568/308 675/1565/308
f 679/1569/309 680/1570/309 681/1571/309
f 681/1571/309 682/1572/309 679/1569/309
f 683/1573/310 684/1574/311 685/1575/311
f 685/1575/311 686/1576/310 683/1573/310
f 687/1577/312 688/1578/312 689/1579/312
f 689/1579/312 690/1580/312 687/1577/312
f 691/1581/47 692/1582/47 693/1583/47
f 693/1583/47 694/1584/47 691/1581/47
f 695/1585/313 696/1586/313 697/1587/313
f 697/1587/313 698/1588/313 695/1585/313
f 699/1589/47 700/1590/47 701/1591/47
f 701/1591/47 702/1592/47 699/1589/47
f 703/1593/314 704/1594/314 705/1595/314
f 705/1595/314 706/1596/314 703/1593/314
f 707/1597/47 708/1598/47 709/1599/47
f 709/1599/47 710/1600/47 707/1597/47
f 711/1601/315 712/1602/315 713/1603/315
f 713/1603/315 714/1604/315 711/1601/315
usemtl None_medicsubsta_vorota.png
f 427/1605/48 428/1606/48 429/1607/48
f 429/1607/48 430/1608/48 427/1605/48
f 431/1609/48 432/1610/48 433/1611/48
f 433/1611/48 434/1612/48 431/1609/48
f 435/1613/48 436/1614/48 437/1615/48
f 437/1615/48 438/1616/48 435/1613/48
f 439/1617/48 440/1618/48 441/1619/48
f 441/1619/48 442/1620/48 439/1617/48
usemtl None_medicsubsta_zaborclear.png
f 1569/1621/51 1570/1622/51 1571/1623/51
f 1571/1623/51 1572/1624/51 1569/1621/51
f 1573/1625/47 1574/1626/47 1575/1627/47
f 1575/1627/47 1576/1628/47 1573/1625/47
f 1577/1629/316 1578/1630/316 1579/1631/316
f 1579/1631/316 1580/1632/316 1577/1629/316
f 1581/1633/317 1582/1634/317 1583/1635/317
f 1583/1635/317 1584/1636/317 1581/1633/317
f 1585/1637/318 1586/1638/318 1587/1639/318
f 1587/1639/318 1588/1640/318 1585/1637/318
f 1589/1641/319 1590/1642/319 1591/1643/319
f 1591/1643/319 1592/1644/319 1589/1641/319
f 1593/1645/47 1594/1646/47 1595/1647/47
f 1595/1647/47 1596/1648/47 1593/1645/47
f 1597/1649/316 1598/1650/316 1599/1651/316
f 1599/1651/316 1600/1652/316 1597/1649/316
f 1601/1653/317 1602/1654/317 1603/1655/317
f 1603/1655/317 1604/1656/317 1601/1653/317
f 1605/1657/318 1606/1658/318 1607/1659/318
f 1607/1659/318 1608/1660/318 1605/1657/318
f 1609/1661/319 1610/1662/319 1611/1663/319
f 1611/1663/319 1612/1664/319 1609/1661/319
f 1613/1665/47 1614/1666/47 1615/1667/47
f 1615/1667/47 1616/1668/47 1613/1665/47
f 1617/1669/316 1618/1670/316 1619/1671/316
f 1619/1671/316 1620/1672/316 1617/1669/316
f 1621/1673/317 1622/1674/317 1623/1675/317
f 1623/1675/317 1624/1676/317 1621/1673/317
f 1625/1677/318 1626/1678/318 1627/1679/318
f 1627/1679/318 1628/1680/318 1625/1677/318
f 1629/1681/319 1630/1682/319 1631/1683/319
f 1631/1683/319 1632/1684/319 1629/1681/319
f 1633/1685/47 1634/1686/47 1635/1687/47
f 1635/1687/47 1636/1688/47 1633/1685/47
f 1637/1689/316 1638/1690/316 1639/1691/316
f 1639/1691/316 1640/1692/316 1637/1689/316
f 1641/1693/317 1642/1694/317 1643/1695/317
f 1643/1695/317 1644/1696/317 1641/1693/317
f 1645/1697/318 1646/1698/318 1647/1699/318
f 1647/1699/318 1648/1700/318 1645/1697/318
f 1649/1701/319 1650/1702/319 1651/1703/319
f 1651/1703/319 1652/1704/319 1649/1701/319
f 1653/1705/47 1654/1706/47 1655/1707/47
f 1655/1707/47 1656/1708/47 1653/1705/47
f 1657/1709/316 1658/1710/316 1659/1711/316
f 1659/1711/316 1660/1712/316 1657/1709/316
f 1661/1713/317 1662/1714/317 1663/1715/317
f 1663/1715/317 1664/1716/317 1661/1713/317
f 1665/1717/318 1666/1718/318 1667/1719/318
f 1667/1719/318 1668/1720/318 1665/1717/318
f 1669/1721/319 1670/1722/319 1671/1723/319
f 1671/1723/319 1672/1724/319 1669/1721/319
f 1673/1725/47 1674/1726/47 1675/1727/47
f 1675/1727/47 1676/1728/47 1673/1725/47
f 1677/1729/316 1678/1730/316 1679/1731/316
f 1679/1731/316 1680/1732/316 1677/1729/316
f 1681/1733/317 1682/1734/317 1683/1735/317
f 1683/1735/317 1684/1736/317 1681/1733/317
f 1685/1737/318 1686/1738/318 1687/1739/318
f 1687/1739/318 1688/1740/318 1685/1737/318
f 1689/1741/319 1690/1742/319 1691/1743/319
f 1691/1743/319 1692/1744/319 1689/1741/319
f 1693/1745/47 1694/1746/47 1695/1747/47
f 1695/1747/47 1696/1748/47 1693/1745/47
f 1697/1749/316 1698/1750/316 1699/1751/316
f 1699/1751/316 1700/1752/316 1697/1749/316
f 1701/1753/317 1702/1754/317 1703/1755/317
f 1703/1755/317 1704/1756/317 1701/1753/317
f 1705/1757/318 1706/1758/318 1707/1759/318
f 1707/1759/318 1708/1760/318 1705/1757/318
f 1709/1761/319 1710/1762/319 1711/1763/319
f 1711/1763/319 1712/1764/319 1709/1761/319
f 1713/1765/47 1714/1766/47 1715/1767/47
f 1715/1767/47 1716/1768/47 1713/1765/47
f 1717/1769/316 1718/1770/316 1719/1771/316
f 1719/1771/316 1720/1772/316 1717/1769/316
f 1721/1773/317 1722/1774/317 1723/1775/317
f 1723/1775/317 1724/1776/317 1721/1773/317
f 1725/1777/318 1726/1778/318 1727/1779/318
f 1727/1779/318 1728/1780/318 1725/1777/318
f 1729/1781/319 1730/1782/319 1731/1783/319
f 1731/1783/319 1732/1784/319 1729/1781/319
f 1733/1785/47 1734/1786/47 1735/1787/47
f 1735/1787/47 1736/1788/47 1733/1785/47
f 1737/1789/50 1738/1790/50 1739/1791/50
f 1739/1791/50 1740/1792/50 1737/1789/50
f 1741/1793/48 1742/1794/48 1743/1795/48
f 1743/1795/48 1744/1796/48 1741/1793/48
f 1745/1797/51 1746/1798/51 1747/1799/51
f 1747/1799/51 1748/1800/51 1745/1797/51
f 1749/1801/49 1750/1802/49 1751/1803/49
f 1751/1803/49 1752/1804/49 1749/1801/49
f 1753/1805/47 1754/1806/47 1755/1807/47
f 1755/1807/47 1756/1808/47 1753/1805/47
f 1757/1809/48 1758/1810/48 1759/1811/48
f 1759/1811/48 1760/1812/48 1757/1809/48
f 1761/1813/51 1762/1814/51 1763/1815/51
f 1763/1815/51 1764/1816/51 1761/1813/51
f 1765/1817/49 1766/1818/49 1767/1819/49
f 1767/1819/49 1768/1820/49 1765/1817/49
f 1769/1821/50 1770/1822/50 1771/1823/50
f 1771/1823/50 1772/1824/50 1769/1821/50
f 1773/1825/47 1774/1826/47 1775/1827/47
f 1775/1827/47 1776/1828/47 1773/1825/47
f 1777/1829/48 1778/1830/48 1779/1831/48
f 1779/1831/48 1780/1832/48 1777/1829/48
f 1781/1833/51 1782/1834/51 1783/1835/51
f 1783/1835/51 1784/1836/51 1781/1833/51
f 1785/1837/49 1786/1838/49 1787/1839/49
f 1787/1839/49 1788/1840/49 1785/1837/49
f 1789/1841/50 1790/1842/50 1791/1843/50
f 1791/1843/50 1792/1844/50 1789/1841/50
f 1793/1845/47 1794/1846/47 1795/1847/47
f 1795/1847/47 1796/1848/47 1793/1845/47
f 1797/1849/316 1798/1850/316 1799/1851/316
f 1799/1851/316 1800/1852/316 1797/1849/316
f 1801/1853/317 1802/1854/317 1803/1855/317
f 1803/1855/317 1804/1856/317 1801/1853/317
f 1805/1857/318 1806/1858/318 1807/1859/318
f 1807/1859/318 1808/1860/318 1805/1857/318
f 1809/1861/319 1810/1862/319 1811/1863/319
f 1811/1863/319 1812/1864/319 1809/1861/319
f 1813/1865/47 1814/1866/47 1815/1867/47
f 1815/1867/47 1816/1868/47 1813/1865/47
f 1817/1869/48 1818/1870/48 1819/1871/48
f 1819/1871/48 1820/1872/48 1817/1869/48
f 1821/1873/51 1822/1874/51 1823/1875/51
f 1823/1875/51 1824/1876/51 1821/1873/51
f 1825/1877/49 1826/1878/49 1827/1879/49
f 1827/1879/49 1828/1880/49 1825/1877/49
f 1829/1881/50 1830/1882/50 1831/1883/50
f 1831/1883/50 1832/1884/50 1829/1881/50
f 1833/1885/47 1834/1886/47 1835/1887/47
f 1835/1887/47 1836/1888/47 1833/1885/47
f 1837/1889/316 1838/1890/316 1839/1891/316
f 1839/1891/316 1840/1892/316 1837/1889/316
f 1841/1893/317 1842/1894/317 1843/1895/317
f 1843/1895/317 1844/1896/317 1841/1893/317
f 1845/1897/318 1846/1898/318 1847/1899/318
f 1847/1899/318 1848/1900/318 1845/1897/318
f 1849/1901/319 1850/1902/319 1851/1903/319
f 1851/1903/319 1852/1904/319 1849/1901/319
f 1853/1905/47 1854/1906/47 1855/1907/47
f 1855/1907/47 1856/1908/47 1853/1905/47
f 1857/1909/48 1858/1910/48 1859/1911/48
f 1859/1911/48 1860/1912/48 1857/1909/48
f 1861/1913/51 1862/1914/51 1863/1915/51
f 1863/1915/51 1864/1916/51 1861/1913/51
f 1865/1917/49 1866/1918/49 1867/1919/49
f 1867/1919/49 1868/1920/49 1865/1917/49
f 1869/1921/50 1870/1922/50 1871/1923/50
f 1871/1923/50 1872/1924/50 1869/1921/50
f 1873/1925/47 1874/1926/47 1875/1927/47
f 1875/1927/47 1876/1928/47 1873/1925/47
f 1877/1929/316 1878/1930/316 1879/1931/316
f 1879/1931/316 1880/1932/316 1877/1929/316
f 1881/1933/317 1882/1934/317 1883/1935/317
f 1883/1935/317 1884/1936/317 1881/1933/317
f 1885/1937/318 1886/1938/318 1887/1939/318
f 1887/1939/318 1888/1940/318 1885/1937/318
f 1889/1941/319 1890/1942/319 1891/1943/319
f 1891/1943/319 1892/1944/319 1889/1941/319
f 1893/1945/47 1894/1946/47 1895/1947/47
f 1895/1947/47 1896/1948/47 1893/1945/47
f 1897/1949/48 1898/1950/48 1899/1951/48
f 1899/1951/48 1900/1952/48 1897/1949/48
f 1901/1953/51 1902/1954/51 1903/1955/51
f 1903/1955/51 1904/1956/51 1901/1953/51
f 1905/1957/49 1906/1958/49 1907/1959/49
f 1907/1959/49 1908/1960/49 1905/1957/49
f 1909/1961/50 1910/1962/50 1911/1963/50
f 1911/1963/50 1912/1964/50 1909/1961/50
f 1913/1965/47 1914/1966/47 1915/1967/47
f 1915/1967/47 1916/1968/47 1913/1965/47
f 1917/1969/316 1918/1970/316 1919/1971/316
f 1919/1971/316 1920/1972/316 1917/1969/316
f 1921/1973/317 1922/1974/317 1923/1975/317
f 1923/1975/317 1924/1976/317 1921/1973/317
f 1925/1977/318 1926/1978/318 1927/1979/318
f 1927/1979/318 1928/1980/318 1925/1977/318
f 1929/1981/319 1930/1982/319 1931/1983/319
f 1931/1983/319 1932/1984/319 1929/1981/319
f 1933/1985/47 1934/1986/47 1935/1987/47
f 1935/1987/47 1936/1988/47 1933/1985/47
f 1937/1989/48 1938/1990/48 1939/1991/48
f 1939/1991/48 1940/1992/48 1937/1989/48
f 1941/1993/51 1942/1994/51 1943/1995/51
f 1943/1995/51 1944/1996/51 1941/1993/51
f 1945/1997/49 1946/1998/49 1947/1999/49
f 1947/1999/49 1948/2000/49 1945/1997/49
f 1949/2001/50 1950/2002/50 1951/2003/50
f 1951/2003/50 1952/2004/50 1949/2001/50
f 1953/2005/47 1954/2006/47 1955/2007/47
f 1955/2007/47 1956/2008/47 1953/2005/47
f 1957/2009/316 1958/2010/316 1959/2011/316
f 1959/2011/316 1960/2012/316 1957/2009/316
f 1961/2013/317 1962/2014/317 1963/2015/317
f 1963/2015/317 1964/2016/317 1961/2013/317
f 1965/2017/318 1966/2018/318 1967/2019/318
f 1967/2019/318 1968/2020/318 1965/2017/318
f 1969/2021/319 1970/2022/319 1971/2023/319
f 1971/2023/319 1972/2024/319 1969/2021/319
f 1973/2025/47 1974/2026/47 1975/2027/47
f 1975/2027/47 1976/2028/47 1973/2025/47
f 1977/2029/48 1978/2030/48 1979/2031/48
f 1979/2031/48 1980/2032/48 1977/2029/48
f 1981/2033/51 1982/2034/51 1983/2035/51
f 1983/2035/51 1984/2036/51 1981/2033/51
f 1985/2037/49 1986/2038/49 1987/2039/49
f 1987/2039/49 1988/2040/49 1985/2037/49
f 1989/2041/50 1990/2042/50 1991/2043/50
f 1991/2043/50 1992/2044/50 1989/2041/50
f 1993/2045/47 1994/2046/47 1995/2047/47
f 1995/2047/47 1996/2048/47 1993/2045/47
f 1997/2049/316 1998/2050/316 1999/2051/316
f 1999/2051/316 2000/2052/316 1997/2049/316
f 2001/2053/317 2002/2054/317 2003/2055/317
f 2003/2055/317 2004/2056/317 2001/2053/317
f 2005/2057/318 2006/2058/318 2007/2059/318
f 2007/2059/318 2008/2060/318 2005/2057/318
f 2009/2061/319 2010/2062/319 2011/2063/319
f 2011/2063/319 2012/2064/319 2009/2061/319
f 2013/2065/47 2014/2066/47 2015/2067/47
f 2015/2067/47 2016/2068/47 2013/2065/47
f 2017/2069/48 2018/2070/48 2019/2071/48
f 2019/2071/48 2020/2072/48 2017/2069/48
f 2021/2073/51 2022/2074/51 2023/2075/51
f 2023/2075/51 2024/2076/51 2021/2073/51
f 2025/2077/49 2026/2078/49 2027/2079/49
f 2027/2079/49 2028/2080/49 2025/2077/49
f 2029/2081/50 2030/2082/50 2031/2083/50
f 2031/2083/50 2032/2084/50 2029/2081/50
f 2033/2085/47 2034/2086/47 2035/2087/47
f 2035/2087/47 2036/2088/47 2033/2085/47
f 2037/2089/50 2038/2090/50 2039/2091/50
f 2039/2091/50 2040/2092/50 2037/2089/50
f 2041/2093/48 2042/2094/48 2043/2095/48
f 2043/2095/48 2044/2096/48 2041/2093/48
f 2045/2097/51 2046/2098/51 2047/2099/51
f 2047/2099/51 2048/2100/51 2045/2097/51
f 2049/2101/49 2050/2102/49 2051/2103/49
f 2051/2103/49 2052/2104/49 2049/2101/49
f 2053/2105/47 2054/2106/47 2055/2107/47
f 2055/2107/47 2056/2108/47 2053/2105/47
f 2057/2109/48 2058/2110/48 2059/2111/48
f 2059/2111/48 2060/2112/48 2057/2109/48
f 2061/2113/51 2062/2114/51 2063/2115/51
f 2063/2115/51 2064/2116/51 2061/2113/51
f 2065/2117/49 2066/2118/49 2067/2119/49
f 2067/2119/49 2068/2120/49 2065/2117/49
f 2069/2121/50 2070/2122/50 2071/2123/50
f 2071/2123/50 2072/2124/50 2069/2121/50
f 2073/2125/47 2074/2126/47 2075/2127/47
f 2075/2127/47 2076/2128/47 2073/2125/47
f 2077/2129/316 2078/2130/316 2079/2131/316
f 2079/2131/316 2080/2132/316 2077/2129/316
f 2081/2133/317 2082/2134/317 2083/2135/317
f 2083/2135/317 2084/2136/317 2081/2133/317
f 2085/2137/318 2086/2138/318 2087/2139/318
f 2087/2139/318 2088/2140/318 2085/2137/318
f 2089/2141/319 2090/2142/319 2091/2143/319
f 2091/2143/319 2092/2144/319 2089/2141/319
f 2093/2145/47 2094/2146/47 2095/2147/47
f 2095/2147/47 2096/2148/47 2093/2145/47
f 2097/2149/48 2098/2150/48 2099/2151/48
f 2099/2151/48 2100/2152/48 2097/2149/48
f 2101/2153/51 2102/2154/51 2103/2155/51
f 2103/2155/51 2104/2156/51 2101/2153/51
f 2105/2157/49 2106/2158/49 2107/2159/49
f 2107/2159/49 2108/2160/49 2105/2157/49
f 2109/2161/50 2110/2162/50 2111/2163/50
f 2111/2163/50 2112/2164/50 2109/2161/50
f 2113/2165/47 2114/2166/47 2115/2167/47
f 2115/2167/47 2116/2168/47 2113/2165/47
f 2117/2169/316 2118/2170/316 2119/2171/316
f 2119/2171/316 2120/2172/316 2117/2169/316
f 2121/2173/317 2122/2174/317 2123/2175/317
f 2123/2175/317 2124/2176/317 2121/2173/317
f 2125/2177/318 2126/2178/318 2127/2179/318
f 2127/2179/318 2128/2180/318 2125/2177/318
f 2129/2181/319 2130/2182/319 2131/2183/319
f 2131/2183/319 2132/2184/319 2129/2181/319
f 2133/2185/47 2134/2186/47 2135/2187/47
f 2135/2187/47 2136/2188/47 2133/2185/47
f 2137/2189/48 2138/2190/48 2139/2191/48
f 2139/2191/48 2140/2192/48 2137/2189/48
f 2141/2193/51 2142/2194/51 2143/2195/51
f 2143/2195/51 2144/2196/51 2141/2193/51
f 2145/2197/49 2146/2198/49 2147/2199/49
f 2147/2199/49 2148/2200/49 2145/2197/49
f 2149/2201/50 2150/2202/50 2151/2203/50
f 2151/2203/50 2152/2204/50 2149/2201/50
f 2153/2205/47 2154/2206/47 2155/2207/47
f 2155/2207/47 2156/2208/47 2153/2205/47
f 2157/2209/316 2158/2210/316 2159/2211/316
f 2159/2211/316 2160/2212/316 2157/2209/316
f 2161/2213/317 2162/2214/317 2163/2215/317
f 2163/2215/317 2164/2216/317 2161/2213/317
f 2165/2217/318 2166/2218/318 2167/2219/318
f 2167/2219/318 2168/2220/318 2165/2217/318
f 2169/2221/319 2170/2222/319 2171/2223/319
f 2171/2223/319 2172/2224/319 2169/2221/319
f 2173/2225/47 2174/2226/47 2175/2227/47
f 2175/2227/47 2176/2228/47 2173/2225/47
f 2177/2229/50 2178/2230/50 2179/2231/50
f 2179/2231/50 2180/2232/50 2177/2229/50
f 2181/2233/48 2182/2234/48 2183/2235/48
f 2183/2235/48 2184/2236/48 2181/2233/48
f 2185/2237/51 2186/2238/51 2187/2239/51
f 2187/2239/51 2188/2240/51 2185/2237/51
f 2189/2241/49 2190/2242/49 2191/2243/49
f 2191/2243/49 2192/2244/49 2189/2241/49
f 2193/2245/47 2194/2246/47 2195/2247/47
f 2195/2247/47 2196/2248/47 2193/2245/47
f 2197/2249/316 2198/2250/316 2199/2251/316
f 2199/2251/316 2200/2252/316 2197/2249/316
f 2201/2253/317 2202/2254/317 2203/2255/317
f 2203/2255/317 2204/2256/317 2201/2253/317
f 2205/2257/318 2206/2258/318 2207/2259/318
f 2207/2259/318 2208/2260/318 2205/2257/318
f 2209/2261/319 2210/2262/319 2211/2263/319
f 2211/2263/319 2212/2264/319 2209/2261/319
f 2213/2265/47 2214/2266/47 2215/2267/47
f 2215/2267/47 2216/2268/47 2213/2265/47
f 2217/2269/50 2218/2270/50 2219/2271/50
f 2219/2271/50 2220/2272/50 2217/2269/50
f 2221/2273/48 2222/2274/48 2223/2275/48
f 2223/2275/48 2224/2276/48 2221/2273/48
f 2225/2277/51 2226/2278/51 2227/2279/51
f 2227/2279/51 2228/2280/51 2225/2277/51
f 2229/2281/49 2230/2282/49 2231/2283/49
f 2231/2283/49 2232/2284/49 2229/2281/49
f 2233/2285/47 2234/2286/47 2235/2287/47
f 2235/2287/47 2236/2288/47 2233/2285/47
f 2237/2289/316 2238/2290/316 2239/2291/316
f 2239/2291/316 2240/2292/316 2237/2289/316
f 2241/2293/317 2242/2294/317 2243/2295/317
f 2243/2295/317 2244/2296/317 2241/2293/317
f 2245/2297/318 2246/2298/318 2247/2299/318
f 2247/2299/318 2248/2300/318 2245/2297/318
f 2249/2301/319 2250/2302/319 2251/2303/319
f 2251/2303/319 2252/2304/319 2249/2301/319
f 2253/2305/47 2254/2306/47 2255/2307/47
f 2255/2307/47 2256/2308/47 2253/2305/47
f 2257/2309/50 2258/2310/50 2259/2311/50
f 2259/2311/50 2260/2312/50 2257/2309/50
f 2261/2313/48 2262/2314/48 2263/2315/48
f 2263/2315/48 2264/2316/48 2261/2313/48
f 2265/2317/51 2266/2318/51 2267/2319/51
f 2267/2319/51 2268/2320/51 2265/2317/51
f 2269/2321/49 2270/2322/49 2271/2323/49
f 2271/2323/49 2272/2324/49 2269/2321/49
f 2273/2325/47 2274/2326/47 2275/2327/47
f 2275/2327/47 2276/2328/47 2273/2325/47
f 2277/2329/50 2278/2330/50 2279/2331/50
f 2279/2331/50 2280/2332/50 2277/2329/50
f 2281/2333/48 2282/2334/48 2283/2335/48
f 2283/2335/48 2284/2336/48 2281/2333/48
f 2285/2337/51 2286/2338/51 2287/2339/51
f 2287/2339/51 2288/2340/51 2285/2337/51
f 2289/2341/49 2290/2342/49 2291/2343/49
f 2291/2343/49 2292/2344/49 2289/2341/49
f 2293/2345/47 2294/2346/47 2295/2347/47
f 2295/2347/47 2296/2348/47 2293/2345/47
f 2297/2349/50 2298/2350/50 2299/2351/50
f 2299/2351/50 2300/2352/50 2297/2349/50
f 2301/2353/48 2302/2354/48 2303/2355/48
f 2303/2355/48 2304/2356/48 2301/2353/48
f 2305/2357/51 2306/2358/51 2307/2359/51
f 2307/2359/51 2308/2360/51 2305/2357/51
f 2309/2361/49 2310/2362/49 2311/2363/49
f 2311/2363/49 2312/2364/49 2309/2361/49
f 2313/2365/47 2314/2366/47 2315/2367/47
f 2315/2367/47 2316/2368/47 2313/2365/47
f 2317/2369/316 2318/2370/316 2319/2371/316
f 2319/2371/316 2320/2372/316 2317/2369/316
f 2321/2373/317 2322/2374/317 2323/2375/317
f 2323/2375/317 2324/2376/317 2321/2373/317
f 2325/2377/318 2326/2378/318 2327/2379/318
f 2327/2379/318 2328/2380/318 2325/2377/318
f 2329/2381/319 2330/2382/319 2331/2383/319
f 2331/2383/319 2332/2384/319 2329/2381/319
f 2333/2385/47 2334/2386/47 2335/2387/47
f 2335/2387/47 2336/2388/47 2333/2385/47
f 2337/2389/316 2338/2390/316 2339/2391/316
f 2339/2391/316 2340/2392/316 2337/2389/316
f 2341/2393/317 2342/2394/317 2343/2395/317
f 2343/2395/317 2344/2396/317 2341/2393/317
f 2345/2397/318 2346/2398/318 2347/2399/318
f 2347/2399/318 2348/2400/318 2345/2397/318
f 2349/2401/319 2350/2402/319 2351/2403/319
f 2351/2403/319 2352/2404/319 2349/2401/319
f 2353/2405/320 2354/2406/320 2355/2407/320
f 2355/2407/320 2356/2408/320 2353/2405/320
f 2357/2409/321 2358/2410/321 2359/2411/321
f 2359/2411/321 2360/2412/321 2357/2409/321
f 2361/2413/48 2362/2414/48 2363/2415/48
f 2363/2415/48 2364/2416/48 2361/2413/48
f 2365/2417/322 2366/2418/322 2367/2419/322
f 2367/2419/322 2368/2420/322 2365/2417/322
f 2369/2421/49 2370/2422/49 2371/2423/49
f 2371/2423/49 2372/2424/49 2369/2421/49
f 2373/2425/47 2374/2426/47 2375/2427/47
f 2375/2427/47 2376/2428/47 2373/2425/47
f 2377/2429/50 2378/2430/50 2379/2431/50
f 2379/2431/50 2380/2432/50 2377/2429/50
f 2381/2433/48 2382/2434/48 2383/2435/48
f 2383/2435/48 2384/2436/48 2381/2433/48
f 2385/2437/51 2386/2438/51 2387/2439/51
f 2387/2439/51 2388/2440/51 2385/2437/51
f 2389/2441/49 2390/2442/49 2391/2443/49
f 2391/2443/49 2392/2444/49 2389/2441/49
f 2393/2445/47 2394/2446/47 2395/2447/47
f 2395/2447/47 2396/2448/47 2393/2445/47
f 2397/2449/316 2398/2450/316 2399/2451/316
f 2399/2451/316 2400/2452/316 2397/2449/316
f 2401/2453/317 2402/2454/317 2403/2455/317
f 2403/2455/317 2404/2456/317 2401/2453/317
f 2405/2457/318 2406/2458/318 2407/2459/318
f 2407/2459/318 2408/2460/318 2405/2457/318
f 2409/2461/319 2410/2462/319 2411/2463/319
f 2411/2463/319 2412/2464/319 2409/2461/319
f 2413/2465/47 2414/2466/47 2415/2467/47
f 2415/2467/47 2416/2468/47 2413/2465/47
f 2417/2469/316 2418/2470/316 2419/2471/316
f 2419/2471/316 2420/2472/316 2417/2469/316
f 2421/2473/317 2422/2474/317 2423/2475/317
f 2423/2475/317 2424/2476/317 2421/2473/317
f 2425/2477/318 2426/2478/318 2427/2479/318
f 2427/2479/318 2428/2480/318 2425/2477/318
f 2429/2481/319 2430/2482/319 2431/2483/319
f 2431/2483/319 2432/2484/319 2429/2481/319
usemtl None_medicsubsta_cretewalls.png
f 1/2485/297 2/2486/297 3/2487/297
f 3/2487/297 4/2488/297 1/2485/297
f 4/2488/297 3/2487/297 5/2489/297
f 5/2489/297 6/2490/297 4/2488/297
f 6/2490/297 5/2489/297 7/2491/297
f 7/2491/297 8/2492/297 6/2490/297
f 8/2492/297 7/2491/297 9/2493/297
f 9/2493/297 10/2494/297 8/2492/297
f 10/2494/297 9/2493/297 11/2495/297
f 11/2495/297 12/2496/297 10/2494/297
f 12/2496/297 11/2495/297 13/2497/297
f 13/2497/297 14/2498/297 12/2496/297
f 14/2498/297 13/2497/297 15/2499/297
f 15/2499/297 16/2500/297 14/2498/297
f 16/2500/297 15/2499/297 17/2501/297
f 17/2501/297 18/2502/297 16/2500/297
f 18/2502/297 17/2501/297 19/2503/297
f 19/2503/297 20/2504/297 18/2502/297
f 20/2504/297 19/2503/297 21/2505/297
f 21/2505/297 22/2506/297 20/2504/297
f 22/2506/297 21/2505/297 23/2507/297
f 23/2507/297 24/2508/297 22/2506/297
f 24/2508/297 23/2507/297 25/2509/297
f 25/2509/297 26/2510/297 24/2508/297
f 26/2510/297 25/2509/297 27/2511/297
f 27/2511/297 28/2512/297 26/2510/297
f 28/2512/297 27/2511/297 29/2513/297
f 29/2513/297 30/2514/297 28/2512/297
f 30/2514/297 29/2513/297 31/2515/297
f 31/2515/297 32/2516/297 30/2514/297
f 33/2517/323 34/2518/323 35/2519/323
f 35/2519/323 36/2520/323 33/2517/323
f 36/2520/323 35/2519/323 37/2521/323
f 37/2521/323 38/2522/323 36/2520/323
f 38/2522/323 37/2521/323 39/2523/323
f 39/2523/323 40/2524/323 38/2522/323
f 40/2524/323 39/2523/323 41/2525/323
f 41/2525/323 42/2526/323 40/2524/323
f 42/2526/323 41/2525/323 43/2527/323
f 43/2527/323 44/2528/323 42/2526/323
f 44/2528/323 43/2527/323 45/2529/323
f 45/2529/323 46/2530/323 44/2528/323
f 46/2530/323 45/2529/323 47/2531/323
f 47/2531/323 48/2532/323 46/2530/323
f 48/2532/323 47/2531/323 49/2533/323
f 49/2533/323 50/2534/323 48/2532/323
f 50/2534/323 49/2533/323 51/2535/323
f 51/2535/323 52/2536/323 50/2534/323
f 52/2536/323 51/2535/323 53/2537/323
f 53/2537/323 54/2538/323 52/2536/323
f 54/2538/323 53/2537/323 55/2539/323
f 55/2539/323 56/2540/323 54/2538/323
f 56/2540/323 55/2539/323 57/2541/323
f 57/2541/323 58/2542/323 56/2540/323
f 58/2542/323 57/2541/323 59/2543/323
f 59/2543/323 60/2544/323 58/2542/323
f 34/2518/323 33/2517/323 61/2545/324
f 62/2546/324 34/2518/323 61/2545/324
f 63/2547/325 62/2546/324 61/2545/324
f 63/2547/325 61/2545/324 64/2548/325
f 65/2549/326 63/2547/325 64/2548/325
f 66/2550/326 65/2549/326 64/2548/325
f 66/2550/326 67/2551/326 68/2552/326
f 68/2552/326 65/2549/326 66/2550/326
f 69/2553/326 68/2552/326 67/2551/326
f 67/2551/326 70/2554/326 69/2553/326
f 70/2554/326 71/2555/326 72/2556/326
f 72/2556/326 69/2553/326 70/2554/326
f 73/2557/326 72/2556/326 71/2555/326
f 71/2555/326 74/2558/326 73/2557/326
f 74/2558/326 75/2559/326 76/2560/326
f 76/2560/326 73/2557/326 74/2558/326
f 77/2561/326 76/2560/326 75/2559/326
f 75/2559/326 78/2562/326 77/2561/326
f 78/2562/326 79/2563/326 80/2564/326
f 80/2564/326 77/2561/326 78/2562/326
f 81/2565/326 80/2564/326 79/2563/326
f 79/2563/326 82/2566/326 81/2565/326
f 82/2566/326 83/2567/326 84/2568/326
f 84/2568/326 81/2565/326 82/2566/326
f 85/2569/326 84/2568/326 83/2567/326
f 83/2567/326 86/2570/326 85/2569/326
f 86/2570/326 87/2571/326 88/2572/326
f 88/2572/326 85/2569/326 86/2570/326
f 89/2573/326 88/2572/326 87/2571/326
f 87/2571/326 90/2574/326 89/2573/326
f 90/2574/326 91/2575/326 92/2576/326
f 92/2576/326 89/2573/326 90/2574/326
f 60/2544/323 59/2543/323 93/2577/327
f 94/2578/328 60/2544/323 93/2577/327
f 94/2578/328 93/2577/327 95/2579/329
f 96/2580/329 94/2578/328 95/2579/329
f 96/2580/329 95/2579/329 92/2576/326
f 96/2580/329 92/2576/326 91/2575/326
f 97/2581/47 98/2582/47 99/2583/47
f 99/2583/47 100/2584/47 97/2581/47
f 101/2585/47 102/2586/47 100/2584/47
f 100/2584/47 99/2583/47 101/2585/47
f 102/2586/47 101/2585/47 103/2587/47
f 103/2587/47 104/2588/47 102/2586/47
f 105/2589/297 106/2590/297 107/2591/297
f 107/2591/297 108/2592/297 105/2589/297
f 106/2590/297 109/2593/297 110/2594/297
f 110/2594/297 107/2591/297 106/2590/297
f 109/2593/297 111/2595/297 112/2596/297
f 112/2596/297 110/2594/297 109/2593/297
f 113/2597/50 114/2598/50 115/2599/50
f 115/2599/50 116/2600/50 113/2597/50
f 117/2601/48 118/2602/48 119/2603/48
f 119/2603/48 120/2604/48 117/2601/48
f 121/2605/49 122/2606/49 123/2607/49
f 123/2607/49 124/2608/49 121/2605/49
f 125/2609/50 126/2610/50 127/2611/50
f 127/2611/50 128/2612/50 125/2609/50
f 129/2613/48 130/2614/48 131/2615/48
f 131/2615/48 132/2616/48 129/2613/48
f 133/2617/49 134/2618/49 135/2619/49
f 135/2619/49 136/2620/49 133/2617/49
f 137/2621/50 138/2622/50 139/2623/50
f 139/2623/50 140/2624/50 137/2621/50
f 141/2625/48 142/2626/48 143/2627/48
f 143/2627/48 144/2628/48 141/2625/48
f 145/2629/51 146/2630/51 147/2631/51
f 147/2631/51 148/2632/51 145/2629/51
f 149/2633/49 150/2634/49 151/2635/49
f 151/2635/49 152/2636/49 149/2633/49
f 153/2637/50 154/2638/50 155/2639/50
f 155/2639/50 156/2640/50 153/2637/50
f 153/2637/50 156/2640/50 157/2641/50
f 157/2641/50 158/2642/50 153/2637/50
f 155/2639/50 154/2638/50 159/2643/50
f 159/2643/50 160/2644/50 155/2639/50
f 157/2641/50 160/2644/50 159/2643/50
f 159/2643/50 158/2642/50 157/2641/50
f 161/2645/297 162/2646/297 163/2647/297
f 163/2647/297 164/2648/297 161/2645/297
f 162/2646/297 165/2649/297 166/2650/297
f 166/2650/297 163/2647/297 162/2646/297
f 165/2649/297 167/2651/297 168/2652/297
f 168/2652/297 166/2650/297 165/2649/297
f 169/2653/48 170/2654/48 171/2655/48
f 171/2655/48 172/2656/48 169/2653/48
f 173/2657/330 174/2658/330 175/2659/330
f 175/2659/330 176/2660/330 173/2657/330
f 177/2661/47 178/2662/47 179/2663/47
f 179/2663/47 180/2664/47 177/2661/47
f 181/2665/331 182/2666/331 183/2667/331
f 183/2667/331 184/2668/331 181/2665/331
f 185/2669/49 186/2670/49 187/2671/49
f 187/2671/49 188/2672/49 185/2669/49
f 189/2673/49 190/2674/49 191/2675/49
f 191/2675/49 192/2676/49 189/2673/49
f 193/2677/48 194/2678/48 195/2679/48
f 195/2679/48 196/2680/48 193/2677/48
usemtl None_medicsubsta_zaborpainted.png
f 1183/2681/47 1184/2682/47 1185/2683/47
f 1185/2683/47 1186/2684/47 1183/2681/47
f 1187/2685/50 1188/2686/50 1189/2687/50
f 1189/2687/50 1190/2688/50 1187/2685/50
f 1191/2689/48 1192/2690/48 1193/2691/48
f 1193/2691/48 1194/2692/48 1191/2689/48
f 1195/2693/49 1196/2694/49 1197/2695/49
f 1197/2695/49 1198/2696/49 1195/2693/49
usemtl None_medicsubsta_stonewall.png
f 1217/2697/297 1218/2698/297 1219/2699/297
f 1219/2699/297 1220/2700/297 1217/2697/297
f 1218/2698/297 1221/2701/297 1222/2702/297
f 1222/2702/297 1219/2699/297 1218/2698/297
f 1223/2703/332 1224/2704/332 1225/2705/333
f 1225/2705/333 1226/2706/333 1223/2703/332
f 1226/2706/333 1225/2705/333 1227/2707/47
f 1227/2707/47 1228/2708/47 1226/2706/333
f 1229/2709/50 1230/2710/50 1231/2711/50
f 1231/2711/50 1232/2712/50 1229/2709/50
f 1233/2713/48 1234/2714/48 1235/2715/48
f 1235/2715/48 1236/2716/48 1233/2713/48
f 1237/2717/48 1238/2718/48 1239/2719/48
f 1239/2719/48 1240/2720/48 1237/2717/48
f 1241/2721/51 1242/2722/51 1243/2723/51
f 1243/2723/51 1244/2724/51 1241/2721/51
f 1245/2725/49 1246/2726/49 1247/2727/49
f 1247/2727/49 1248/2728/49 1245/2725/49
f 1249/2729/49 1250/2730/49 1251/2731/49
f 1251/2731/49 1252/2732/49 1249/2729/49
f 1253/2733/297 1254/2734/297 1255/2735/297
f 1255/2735/297 1256/2736/297 1253/2733/297
f 1254/2734/297 1257/2737/297 1258/2738/297
f 1258/2738/297 1255/2735/297 1254/2734/297
f 1259/2739/332 1260/2740/332 1261/2741/333
f 1261/2741/333 1262/2742/333 1259/2739/332
f 1262/2742/333 1261/2741/333 1263/2743/47
f 1263/2743/47 1264/2744/47 1262/2742/333
f 1265/2745/50 1266/2746/50 1267/2747/50
f 1267/2747/50 1268/2748/50 1265/2745/50
f 1269/2749/48 1270/2750/48 1271/2751/48
f 1271/2751/48 1272/2752/48 1269/2749/48
f 1273/2753/48 1274/2754/48 1275/2755/48
f 1275/2755/48 1276/2756/48 1273/2753/48
f 1277/2757/51 1278/2758/51 1279/2759/51
f 1279/2759/51 1280/2760/51 1277/2757/51
f 1281/2761/49 1282/2762/49 1283/2763/49
f 1283/2763/49 1284/2764/49 1281/2761/49
f 1285/2765/49 1286/2766/49 1287/2767/49
f 1287/2767/49 1288/2768/49 1285/2765/49
f 1289/2769/334 1290/2770/334 1291/2771/335
f 1291/2771/335 1292/2772/336 1289/2769/334
f 1293/2773/47 1292/2772/336 1291/2771/335
f 1291/2771/335 1294/2774/47 1293/2773/47
f 1293/2773/47 1294/2774/47 1295/2775/47
f 1295/2775/47 1296/2776/47 1293/2773/47
f 1297/2777/50 1298/2778/50 1299/2779/50
f 1299/2779/50 1300/2780/50 1297/2777/50
f 1301/2781/48 1302/2782/48 1303/2783/48
f 1303/2783/48 1304/2784/48 1301/2781/48
f 1305/2785/337 1306/2786/337 1307/2787/337
f 1307/2787/337 1308/2788/337 1305/2785/337
f 1309/2789/338 1310/2790/338 1311/2791/338
f 1311/2791/338 1312/2792/338 1309/2789/338
f 1313/2793/339 1314/2794/339 1315/2795/339
f 1315/2795/339 1316/2796/339 1313/2793/339
f 1317/2797/340 1318/2798/340 1319/2799/340
f 1319/2799/340 1320/2800/340 1317/2797/340
f 1321/2801/49 1322/2802/49 1323/2803/49
f 1323/2803/49 1324/2804/49 1321/2801/49
usemtl None_medicsubsta_wall2.png
f 2437/2805/297 2438/2806/297 2439/2807/297
f 2439/2807/297 2440/2808/297 2437/2805/297
f 2441/2809/51 2442/2810/51 2443/2811/51
f 2443/2811/51 2444/2812/51 2441/2809/51
f 2444/2812/51 2443/2811/51 2445/2813/51
f 2445/2813/51 2446/2814/51 2444/2812/51
f 2446/2814/51 2445/2813/51 2447/2815/51
f 2447/2815/51 2448/2816/51 2446/2814/51
f 2447/2815/51 2445/2813/51 2449/2817/51
f 2443/2811/51 2442/2810/51 2450/2818/51
